Workbook
Name Slicer_Capturing_Official: #N/A
Name Slicer_Department: #N/A
Name Slicer_Location: #N/A
Name Slicer_Service: #N/A

Sheet citizen_services_records_log
A1: Case Reference | B1: Date Captured | C1: Service Type | D1: Branch/Office | E1: Applicant Full Name | F1: ID Number | G1: Date of Birth | H1: Gender | I1: Contact Number | J1: Ward/Area | K1: Grant Type | L1: Document Status | M1: Processing Status | N1: Queue/Ticket Number | O1: Capturing Official | P1: Follow-Up Date | Q1: Notes
A2: sassa-000796 | B2: 14/05/2026 | C2: SASSA Grant Application | D2: Sharpeville Clinic | E2: Nomvula Fourie | F2: 8500000000000 | G2: 31160 | H2: Male | I2: (072) 2913562 | J2: Ward 20 | K2: Older Person's Grant | L2: Pending Verification | M2: Resolved | N2: Q137 | O2: Werner Meyer | P2: 46175 | Q2: System offline - captured manually, will upload later
A3: DHA001034 | B3: 15-04-2026 | C3: Home Affairs - Passport Application | D3: Vanderbijlpark Home Affairs | E3: Marie Van der Merwe | F3: 7910000000000 | G3: 29118 | H3: M | I3: 067 773 4000 | J3: Ward 18 | L3: Under Review | M3: CAPTURED | N3: Q008 | O3: Lerato Mahlangu | Q3: Grant payment query - referred to SASSA call centre | W3: =LEN(ISTEXT(A2))+1 -> 5
A4: MUN-000761 | B4: 16/09/2026 | C4: Municipal - Service Request | D4: Vanderbijlpark Home Affairs | E4: Nomvula Pretorius | G4: 30487 | H4: F | I4: 27811757562 | J4: Ward 7 | M4: Closed | N4: Q055 | O4: Refilwe Khumalo
A5: dha-000959 | B5: 46234 | C5: Home Affairs - Birth Certificate | D5: Emfuleni Municipal Office | E5: Marie Mokgadi | H5: Male | I5: 075-123-0616 | J5: Ward 6 | L5: COMPLETE | M5: Awaiting Documents | N5: Q244 | O5: Refilwe Nel
A6: SASSA000603 | B6: 46093 | C6: SASSA Grant Application | D6: Emfuleni Municipal Office | E6: Grace Steyn | G6: 16512 | H6: male | I6: 076 711 8567 | J6: Ward 20 | K6: Social Relief of Distress (SRD) | M6: Escalated | N6: Q211 | O6: Lerato Nel | Q6: Urgent case - fast-tracked per supervisor approval
A7: CLN-000736 | B7: 46226 | C7: Clinic - Chronic Medication Collection | D7: Vanderbijlpark Home Affairs | E7: Dorah Mokoena | F7: 7110000000000 | G7: 26004 | H7: F | I7: 27818399641 | J7: Ward 23 | L7: Under Review | M7: Resolved | N7: Q094 | O7: Andries Meyer | Q7: Applicant is a minor, guardian present and documented
A8: MUN-000968 | B8: 46198 | C8: Municipal - Account Query | D8: Vereeniging Home Affairs | E8: Sipho Mokgadi | F8: 207000000000 | G8: 37454 | H8: F | I8: 073-333-3031 | J8: Ward 11 | L8: complete | M8: CAPTURED | N8: Q186 | O8: Andries Mahlangu | Q8: Home Affairs system down for maintenance during visit
A9: MUN000202 | B9: 46297 | C9: Municipal - Account Query | D9: Meyerton Municipal Office | E9: TUMELO NDLOVU | F9: 203000000000 | G9: 28-03-2002 | H9: F | I9: 074-547-7794 | J9: Ward 16 | L9: Pending Verification | M9: Awaiting Documents | N9: Q096 | O9: Werner Nel | P9: 46077
A10: dha-000061 | B10: 46051 | C10: Home Affairs - Passport Application | D10: Three Rivers Clinic | E10: Nomvula Sithole | F10: 7610000000000 | H10: Female | I10: (075) 5515861 | J10: Ward 12 | L10: Incomplete - Missing Proof of Residence | M10: CAPTURED | N10: Q011 | O10: Chris Khumalo | P10: 22/02/2026 | Q10: Incorrect ID number provided initially, corrected
A11: CLN000452 | B11: 46084 | C11: Clinic - General Consultation | D11: Vanderbijlpark Home Affairs | E11: Nomvula Khumalo | F11: 4800000000000 | H11: female | I11: (067) 9956360 | J11: Ward 3 (Informal Settlement) | L11: complete | M11: Re-opened | N11: Q040 | Q11: System offline - captured manually, will upload later
A12: DHA000449 | B12: 46000 | C12: Home Affairs - Death Certificate | D12: Meyerton Municipal Office | E12: Zodwa Steyn | F12: 4800000000000 | G12: 17620 | H12: M | I12: 067-990-1527 | J12: Ward 15 | L12: Awaiting Home Affairs Confirmation | M12: Re-opened | N12: Q075 | O12: Marius Swart | P12: 22/12/2025 | Q12: Biometric capture failed, rescheduled
A13: mun-000359 | B13: 46051 | C13: Municipal - Account Query | D13: Emfuleni Municipal Office | E13: Dorah Nkosi | F13: 6210000000000 | G13: 22834 | H13: Male | I13: 27621656883 | J13: Ward 23 | L13: Approved | M13: Awaiting Documents | N13: Q029 | O13: Marius Sithole | Q13: Applicant referred to social worker
A14: MUN-000345 | B14: 46192 | C14: Municipal - Service Request | D14: Meyerton Municipal Office | E14: Nokuthula Radebe | F14: 78081164081 | G14: 28802 | H14: Male | I14: 633367127 | J14: Ward 23 | L14: Rejected | M14: Awaiting Documents | N14: Q248 | O14: Busisiwe Nel | Q14: Applicant is a minor, guardian present and documented
A15: SASSA000493 | B15: 46210 | C15: SASSA Grant Application | D15: Sebokeng SASSA Office | E15: Mandla Mokoena | F15: 5110000000000 | G15: 29-10-1951 | I15: 27636243912 | J15: Ward 2 | K15: Disability Grant | L15: Under Review | M15: CAPTURED | N15: Q282 | O15: Palesa Coetzee | Q15: Interpreter required - assisted in Sesotho
A16: MUN000510 | B16: 46162 | C16: Municipal - Account Query | D16: Boipatong Clinic | E16: Grace Kruger | F16: 8700000000000 | G16: 31826 | I16: 602893436 | J16: Ward 18 | L16: Complete | M16: Awaiting Documents | N16: Q282 | O16: Chris Swart | Q16: Grant payment query - referred to SASSA call centre
A17: mun-000427 | B17: 46114 | C17: Municipal - Service Request | D17: Meyerton Municipal Office | E17: thabo ndlovu | F17: 706000000000 | G17: 39241 | H17: Male | I17: 079 131 5470 | J17: Ward 14 | L17: Pending Verification | M17: Pending | N17: Q105 | O17: Palesa Khumalo | P17: 46119 | Q17: Urgent case - fast-tracked per supervisor approval
A18: SASSA000545 | B18: 25/07/2026 | C18: SASSA Grant Application | D18: Sebokeng SASSA Office | F18: 9110000000000 | G18: 33408 | H18: male | I18: 062-936-6785 | J18: Ward 18 | K18: Disability Grant | L18: Approved | M18: Re-opened | N18: Q210 | O18: Andries Sithole | Q18: System offline - captured manually, will upload later
A19: MUN-001037 | B19: 27/02/2026 | C19: Municipal - Account Query | D19: Sasolburg Home Affairs | E19: Lindiwe Khumalo | F19: 5210000000000 | G19: 19133 | H19: female | I19: 074 110 9152 | J19: Ward 5 | L19: Awaiting Home Affairs Confirmation | M19: Resolved | N19: Q214 | O19: Andries Sithole | Q19: Biometric capture failed, rescheduled
A20: DHA000087 | B20: 30-04-2026 | C20: Home Affairs - ID Application | D20: Emfuleni Municipal Office | E20: Lindiwe Khumalo | F20: 6110000000000 | G20: 22635 | H20: male | I20: N/A | J20: Ward 23 | L20: Awaiting Home Affairs Confirmation | M20: captured | O20: Palesa Swart | P20: 29-05-2026 | Q20: Follow-up call required to confirm banking details
A21: DHA000894 | B21: 46080 | C21: Home Affairs - ID Application | D21: Vereeniging Home Affairs | E21: Nokuthula Dlamini | G21: 30603 | H21: Female | I21: 061 858 5722 | J21: Ward 13 | L21: Pending Verification | M21: Closed | N21: Q167 | O21: Busisiwe Mahlangu | P21: 46176 | Q21: Grant payment query - referred to SASSA call centre
A22: DHA000904 | B22: 46237 | C22: Home Affairs - Death Certificate | D22: Vereeniging Home Affairs | E22: Thabo Botha | F22: 103000000000 | G22: 36968 | H22: Female | I22: 27622853681 | J22: Ward 19 | L22: Under Review | M22: CAPTURED | N22: Q104 | O22: Marius Meyer | Q22: Follow-up call required to confirm banking details
A23: DHA000470 | B23: 46084 | C23: Home Affairs - ID Application | D23: Vanderbijlpark Home Affairs | E23: Sizwe Ndlovu | F23: 6210000000000 | G23: 22867 | H23: female | I23: 081 452 6015 | J23: Ward 15 | L23: Pending Verification | M23: Awaiting Documents | N23: Q052 | O23: Marius Mahlangu | P23: 46103 | Q23: Applicant is a minor, guardian present and documented
A24: mun-000912 | B24: 46276 | C24: Municipal - Service Request | D24: Sasolburg Home Affairs | E24: Anna Mokoena | F24: 109000000000 | G24: 37081 | H24: Male | I24: 075 130 0936 | J24: Ward 17 | L24: Under Review | M24: captured | N24: Q118 | O24: Refilwe Mahlangu | Q24: Applicant did not bring required supporting documents
A25: DHA-000702 | B25: 46302 | C25: Home Affairs - Passport Application | D25: Sebokeng SASSA Office | E25: Dorah Ndlovu | F25: 6400000000000 | G25: 22/01/1964 | H25: F | I25: 075-917-9518 | J25: Ward 5 | L25: Rejected | M25: Escalated | N25: Q134 | O25: Deon Coetzee | Q25: Follow-up call required to confirm banking details
A26: SASSA-000921 | B26: 27-01-2026 | C26: SASSA Grant Application | D26: Evaton SASSA Office | E26: Nokuthula Mokoena | F26: 6610000000000 | G26: 24457 | H26: Female | I26: 622844578 | J26: Ward 16 | K26: Care Dependency Grant | L26: complete | M26: Pending | N26: Q138 | O26: Deon Meyer | Q26: Follow-up call required to confirm banking details
A27: CLN-000842 | B27: 46063 | C27: Clinic - Chronic Medication Collection | D27: Evaton SASSA Office | E27: Pieter Khumalo | F27: 206000000000 | J27: Ward 21 | L27: complete | M27: Resolved | Q27: Urgent case - fast-tracked per supervisor approval
A28: SASSA-000527 | B28: 46096 | C28: SASSA Grant Application | D28: Vanderbijlpark Home Affairs | E28: Lindiwe Kruger | F28: 6310000000000 | G28: 23348 | H28: female | I28: 735394716 | J28: Ward 9 | K28: Foster Child Grant | L28: Incomplete - Missing Proof of Residence | M28: Closed | O28: Andries Sithole
A29: SASSA-000908 | B29: 23-01-2026 | C29: SASSA Grant Application | D29: Emfuleni Municipal Office | E29: Kagiso Fourie | F29: 9310000000000 | G29: 34122 | H29: M | J29: Ward 3 | K29: Care Dependency Grant | L29: Under Review | M29: Captured | N29: Q232 | O29: Deon Swart | Q29: Incorrect ID number provided initially, corrected
A30: DHA-000471 | B30: 46154 | C30: Home Affairs - Birth Certificate | D30: Sasolburg Home Affairs | E30: Thabo Fourie | F30: 512000000000 | G30: 38689 | H30: male | I30: 069-607-0278 | J30: Ward 15 | L30: Complete | O30: Deon Mahlangu | Q30: System offline - captured manually, will upload later
A31: DHA-001022 | B31: 46105 | C31: Home Affairs - Passport Application | D31: Emfuleni Municipal Office | E31: Bongani Mahlangu | F31: 512000000000 | G31: 26-12-2005 | H31: female | I31: 062-860-3174 | J31: Ward 12 | L31: Awaiting Home Affairs Confirmation | M31: CAPTURED | N31: Q045 | O31: Werner Khumalo | P31: 46177 | Q31: Applicant did not bring required supporting documents
A32: DHA000830 | B32: 46189 | C32: Home Affairs - Birth Certificate | D32: Vereeniging Home Affairs | E32: Pieter Kruger | F32: 5810000000000 | G32: 27-07-1958 | H32: Female | I32: 27709426834 | J32: Ward 1 | L32: Pending Verification | M32: Closed | N32: Q265 | O32: Deon Meyer | P32: 46202 | Q32: Home Affairs system down for maintenance during visit
A33: DHA-000793 | B33: 46065 | C33: Home Affairs - Birth Certificate | D33: Evaton SASSA Office | E33: Kagiso Fourie | F33: 6410000000000 | G33: 23637 | H33: M | J33: Ward 14 | L33: Under Review | M33: CAPTURED | N33: Q119 | O33: Palesa Sithole
A34: cln-000444 | B34: 46242 | C34: Clinic - General Consultation | D34: Evaton SASSA Office | E34: Johannes Molefe | F34: 9410000000000 | G34: 34516 | H34: Male | I34: 075 990 8000 | J34: Ward 10 | L34: Pending Verification | M34: Re-opened | N34: Q271 | O34: Refilwe Swart | P34: 13-08-2026 | Q34: Duplicate application found on system - flagged
A35: MUN-000457 | B35: 46182 | C35: Municipal - Service Request | D35: Evaton SASSA Office | E35: Elizabeth Fourie | F35: 806000000000 | G35: 39615 | H35: male | I35: 073 705 2676 | J35: Ward 8 | L35: Awaiting Home Affairs Confirmation | M35: CAPTURED | N35: Q027 | O35: Zanele Khumalo | P35: 46293 | Q35: Applicant is a minor, guardian present and documented
A36: SASSA-000886 | B36: 46261 | C36: SASSA Grant Application | D36: Three Rivers Clinic | E36: Zodwa Kruger | F36: 8910000000000 | G36: 30/10/1989 | I36: 067-412-1980 | K36: Social Relief of Distress (SRD) | L36: Incomplete - Missing Proof of Residence | M36: Captured | N36: Q026 | O36: Refilwe Swart | P36: 19-09-2026 | Q36: Applicant did not bring required supporting documents
A37: DHA-000996 | B37: 13-07-2026 | C37: Home Affairs - Passport Application | D37: Evaton SASSA Office | E37: Elizabeth Fourie | F37: 8610000000000 | G37: 13-07-1986 | H37: F | I37: (062) 4562402 | J37: Ward 21 | K37: Foster Child Grant | L37: Approved | M37: Captured | N37: Q124 | O37: Zanele Sithole
A38: DHA-000464 | B38: 46204 | C38: Home Affairs - ID Application | D38: Sasolburg Home Affairs | E38: Willem Mahlangu | F38: 6410000000000 | G38: 23710 | H38: female | I38: 063 880 3633 | J38: Ward 7 | L38: Approved | M38: captured | O38: Busisiwe Coetzee | Q38: Record incomplete - contact number illegible on form
A39: sassa-000991 | B39: 46136 | C39: SASSA Grant Application | D39: Vanderbijlpark Home Affairs | E39: Bongani Fourie | F39: 6041856770 | G39: 18-04-2006 | H39: M | I39: 661962007 | J39: Ward 9 | K39: Older Person's Grant | L39: Pending Verification | M39: CAPTURED | N39: Q144 | O39: Palesa Radebe | P39: 46149 | Q39: Biometric capture failed, rescheduled
A40: MUN000012 | B40: 46151 | C40: Municipal - Account Query | D40: Sebokeng SASSA Office | E40: Marie Dlamini | F40: 7000000000000 | G40: 15/04/1970 | H40: female | I40: 071-688-8859 | J40: Ward 10 | N40: Q033
A41: SASSA-000166 | B41: 17/12/2025 | C41: SASSA Grant Application | D41: Meyerton Municipal Office | E41: Sizwe Mokgadi | F41: 7510000000000 | G41: 27691 | H41: M | I41: 27772464482 | J41: Ward 5 | K41: Foster Child Grant | L41: Awaiting Home Affairs Confirmation | N41: Q149 | O41: Chris Meyer | P41: 46031
A42: sassa-000033 | B42: 17-01-2026 | C42: SASSA Grant Application | D42: Emfuleni Municipal Office | E42: Dorah Molefe | F42: 5100000000000 | G42: 18738 | H42: female | I42: 080 600 1432 | J42: Ward 19 | K42: SRD Grant | L42: Under Review | M42: Resolved | N42: Q015 | O42: Busisiwe Sithole | Q42: Urgent case - fast-tracked per supervisor approval
A43: DHA-000073 | B43: 46154 | C43: Home Affairs - Birth Certificate | D43: Emfuleni Municipal Office | E43: Elizabeth Steyn | G43: 26/11/1946 | H43: male | I43: 078-868-8814 | J43: Ward 3 | L43: Incomplete - Missing ID Copy | M43: Closed | N43: Q059 | O43: Busisiwe Meyer | P43: 18/05/2026 | Q43: Applicant is a minor, guardian present and documented
A44: MUN-000648 | B44: 46277 | C44: Municipal - Service Request | D44: Meyerton Municipal Office | E44: Sipho Nkosi | F44: 7310000000000 | G44: 26931 | H44: M | I44: 075 837 9625 | L44: Awaiting Home Affairs Confirmation | M44: Re-opened | N44: Q017 | O44: Deon Swart | P44: 46283 | Q44: System offline - captured manually, will upload later
A45: MUN-000041 | B45: 46158 | C45: Municipal - Service Request | D45: Sebokeng SASSA Office | E45: Zodwa Botha | F45: 5110000000000 | G45: 18923 | I45: 074-668-3437 | J45: Ward 13 | L45: Incomplete - Missing ID Copy | M45: Resolved | N45: Q221 | O45: Refilwe Radebe | P45: 46169 | Q45: Grant payment query - referred to SASSA call centre
A46: SASSA-000213 | B46: 46054 | C46: SASSA Grant Application | D46: Sasolburg Home Affairs | E46: Anna Mahlangu | F46: 9400000000000 | G46: 34363 | H46: M | I46: (071) 7324960 | J46: Ward 2 | K46: Child Support Grant | L46: Rejected | M46: Captured | N46: Q110 | O46: Zanele Sithole | Q46: Applicant referred to social worker
A47: sassa-000163 | B47: 46120 | C47: SASSA Grant Status Enquiry | D47: Meyerton Municipal Office | E47: Tumelo Molefe | F47: 8100000000000 | G47: 29615 | I47: 065 171 8421 | J47: Ward 17 | K47: Older Persons Grant | L47: Incomplete - Missing Proof of Residence | M47: Awaiting Documents | O47: Werner Nel | Q47: Applicant did not bring required supporting documents
A48: sassa-000122 | B48: 46176 | C48: SASSA Grant Status Enquiry | D48: Sasolburg Home Affairs | E48: Lindiwe Mahlangu | F48: 607000000000 | G48: 38905 | I48: 068 524 5479 | J48: Ward 21 | K48: Disability Grant | L48: complete | M48: Captured | N48: Q268 | O48: Lerato Sithole | Q48: System offline - captured manually, will upload later
A49: MUN-000036 | B49: 46254 | C49: Municipal - Service Request | D49: Meyerton Municipal Office | F49: 5510000000000 | H49: F | I49: N/A | J49: Ward 20 | L49: Rejected | M49: CAPTURED | N49: Q233 | O49: Palesa Mahlangu | Q49: Incorrect ID number provided initially, corrected
A50: SASSA000385 | B50: 28/02/2026 | C50: SASSA Grant Status Enquiry | D50: Evaton SASSA Office | E50: Sipho Khumalo | F50: 8410000000000 | H50: F | I50: 083-423-3116 | J50: Ward 1 | K50: Foster Child Grant | L50: Awaiting Home Affairs Confirmation | M50: CAPTURED | N50: Q261 | O50: Chris Radebe | Q50: Applicant did not bring required supporting documents
A51: DHA-000575 | B51: 25-08-2026 | C51: Home Affairs - ID Application | D51: Three Rivers Clinic | E51: Willem Ndlovu | F51: 5700000000000 | G51: 26/03/1957 | H51: Male | I51: 070-395-0945 | J51: Ward 6 | L51: Incomplete - Missing ID Copy | M51: Escalated | N51: Q060 | O51: Lerato Nel | P51: 46272 | Q51: Incorrect ID number provided initially, corrected
A52: DHA-001038 | B52: 46067 | C52: Home Affairs - ID Application | D52: Sasolburg Home Affairs | E52: Anna Steyn | F52: 610000000000 | G52: 39014 | J52: Ward 6 | L52: Incomplete - Missing Proof of Residence | M52: CAPTURED | N52: Q084 | O52: Andries Sithole | P52: 46097 | Q52: Interpreter required - assisted in Sesotho
A53: SASSA-000209 | C53: SASSA Grant Status Enquiry | D53: Sebokeng SASSA Office | E53: Johannes Botha | F53: 2300000000000 | G53: 28/04/2023 | H53: M | J53: Ward 10 | K53: Older Persons Grant | L53: Approved | M53: Closed | N53: Q107 | O53: Palesa Meyer | Q53: Follow-up call required to confirm banking details
A54: DHA000923 | B54: 46152 | C54: Home Affairs - ID Application | D54: Vanderbijlpark Home Affairs | E54: Refilwe Dlamini | F54: 5710000000000 | G54: 16-06-1957 | H54: Female | J54: Ward 4 | L54: Incomplete - Missing Proof of Residence | M54: Captured | N54: Q172 | O54: Lerato Mahlangu | P54: 46160 | Q54: Applicant is a minor, guardian present and documented
A55: DHA-000978 | B55: 46166 | C55: Home Affairs - Birth Certificate | D55: Meyerton Municipal Office | E55: GRACE BOTHA | F55: 7410000000000 | G55: 27294 | H55: Male | I55: 27673462232 | J55: Ward 8 | L55: Complete | M55: Closed | N55: Q038 | O55: Marius Khumalo | Q55: Duplicate application found on system - flagged
A56: cln-000654 | B56: 46333 | C56: Clinic - Chronic Medication Collection | D56: Meyerton Municipal Office | E56: Refilwe Mokoena | F56: 8200000000000 | G56: 29/03/1982 | H56: Male | I56: N/A | J56: Ward 20 | L56: Pending Verification | N56: Q264 | O56: Deon Meyer | P56: 16-07-2026 | Q56: System offline - captured manually, will upload later
A57: cln-000118 | B57: 18/08/2026 | C57: Clinic - General Consultation | D57: Vereeniging Home Affairs | E57: Mandla Mokgadi | F57: 9210000000000 | G57: 33756 | H57: M | J57: Ward 9 | L57: Awaiting Home Affairs Confirmation | M57: Pending | N57: Q044 | O57: Palesa Meyer | P57: 46277 | Q57: Follow-up call required to confirm banking details
A58: MUN-000167 | C58: Municipal - Service Request | D58: Vereeniging Home Affairs | E58: Sizwe Dlamini | F58: 6510000000000 | G58: 24085 | H58: Female | I58: N/A | J58: Ward 18 | L58: Approved | M58: Captured | N58: Q009 | O58: Zanele Khumalo | Q58: Duplicate application found on system - flagged
A59: cln-000977 | B59: 46123 | C59: Clinic - Immunisation | D59: Vanderbijlpark Home Affairs | E59: Sizwe Radebe | F59: 2200000000000 | G59: 44638 | H59: M | J59: Ward 10 | L59: Under Review | M59: Pending | N59: Q184 | O59: Werner Swart | Q59: Applicant referred to social worker
A60: DHA000149 | B60: 46178 | C60: Home Affairs - Passport Application | D60: Emfuleni Municipal Office | E60: Kagiso Van der Merwe | F60: 9610000000000 | G60: 35333 | H60: Female | I60: 080-661-2203 | J60: Ward 3 (Informal Settlement) | L60: Complete | M60: Resolved | N60: Q278 | O60: Refilwe Meyer | Q60: Client to return with proof of residence
A61: MUN000971 | B61: 46069 | C61: Municipal - Account Query | D61: Emfuleni Municipal Office | E61: Elizabeth Dlamini | F61: 7810000000000 | G61: 28761 | H61: M | I61: 616113950 | J61: Ward 14 | L61: Under Review | M61: Escalated | N61: Q253 | O61: Deon Coetzee | Q61: Applicant did not bring required supporting documents
A62: MUN-000107 | B62: 46271 | C62: Municipal - Service Request | D62: Evaton SASSA Office | E62: Anna Mokoena | F62: 7010000000000 | G62: 20/12/1970 | H62: Female | I62: 726133001 | J62: Ward 15 | L62: Awaiting Home Affairs Confirmation | O62: Refilwe Sithole | P62: 46212 | Q62: Follow-up call required to confirm banking details
A63: DHA-000450 | B63: 46062 | C63: Home Affairs - Passport Application | D63: Sasolburg Home Affairs | F63: 6400000000000 | G63: 23470 | H63: Female | I63: (064) 8895636 | J63: Ward 16 | L63: Incomplete - Missing ID Copy | M63: Re-opened | N63: Q276 | O63: Zanele Mahlangu | P63: 46296 | Q63: Applicant referred to social worker
A64: CLN000323 | B64: 46275 | C64: Clinic - Immunisation | D64: Sebokeng SASSA Office | E64: Pieter Kruger | F64: 2410000000000 | G64: 45392 | H64: female | J64: Ward 13 | L64: Under Review | M64: Escalated | N64: Q167 | O64: Zanele Coetzee | Q64: Urgent case - fast-tracked per supervisor approval
A65: SASSA-000562 | B65: 46049 | C65: SASSA Grant Application | D65: Evaton SASSA Office | E65: Marie Van der Merwe | F65: 2400000000000 | G65: 26-02-2024 | H65: Female | I65: 617063088 | J65: Ward 18 | K65: Social Relief of Distress (SRD) | L65: complete | M65: CAPTURED | N65: Q146 | O65: Chris Sithole | Q65: Record incomplete - contact number illegible on form
A66: DHA-000929 | B66: 46269 | C66: Home Affairs - Birth Certificate | D66: Emfuleni Municipal Office | E66: Sizwe Van der Merwe | G66: 36908 | H66: M | I66: 618916668 | J66: Ward 11 | L66: Incomplete - Missing Proof of Residence | M66: Escalated | N66: Q102 | O66: Werner Meyer | Q66: Home Affairs system down for maintenance during visit
A67: CLN-000035 | B67: 46120 | C67: Clinic - General Consultation | D67: Sharpeville Clinic | E67: Mandla Nkosi | F67: 9310000000000 | G67: 34069 | H67: male | I67: 27846771182 | J67: Ward 14 | L67: COMPLETE | N67: Q018 | O67: Werner Radebe | Q67: Biometric capture failed, rescheduled
A68: MUN-000614 | B68: 46084 | C68: Municipal - Service Request | D68: Sharpeville Clinic | E68: Mandla Steyn | F68: 5310000000000 | G68: 19653 | H68: F | I68: 079-516-8049 | J68: Ward 24 | L68: Rejected | M68: Escalated | N68: Q195 | O68: Werner Radebe | Q68: Incorrect ID number provided initially, corrected
A69: MUN-000578 | B69: 46148 | C69: Municipal - Service Request | D69: Boipatong Clinic | E69: Bongani Steyn | F69: 5800000000000 | G69: 21231 | H69: F | I69: 063-154-9298 | J69: Ward 21 | L69: Awaiting Home Affairs Confirmation | M69: CAPTURED | N69: Q069 | O69: Chris Khumalo | P69: 46170 | Q69: Biometric capture failed, rescheduled
A70: SASSA-000447 | B70: 46122 | C70: SASSA Grant Application | D70: Boipatong Clinic | E70: Refilwe Van der Merwe | F70: 7400000000000 | G70: 27132 | H70: Female | I70: 062 209 0828 | J70: Ward 9 | K70: Care Dependency Grant | L70: Awaiting Home Affairs Confirmation | M70: Awaiting Documents | N70: Q243 | O70: Zanele Swart | P70: 46139
A71: CLN000034 | B71: 46253 | C71: Clinic - General Consultation | D71: Sebokeng SASSA Office | E71: Grace Nkosi | F71: 9210000000000 | G71: 33870 | H71: Female | I71: 077-705-0848 | J71: Ward 8 | L71: complete | M71: Awaiting Documents | N71: Q033 | O71: Chris Radebe
A72: dha-000433 | B72: 46109 | C72: Home Affairs - Death Certificate | D72: Sharpeville Clinic | E72: Pieter Dlamini | F72: 4510000000000 | G72: 16726 | H72: F | I72: (073) 2706592 | J72: Ward 2 | L72: Rejected | N72: Q165 | O72: Lerato Meyer | Q72: System offline - captured manually, will upload later
A73: SASSA000767 | B73: 46122 | C73: SASSA Grant Status Enquiry | D73: Evaton SASSA Office | F73: 9029164083 | G73: 36565 | H73: M | I73: 27846332829 | J73: Ward 18 | K73: Social Relief of Distress (SRD) | L73: COMPLETE | M73: CAPTURED | N73: Q282 | O73: Deon Coetzee
A74: SASSA-000294 | B74: 18-09-2026 | C74: SASSA Grant Application | D74: Sasolburg Home Affairs | E74: Grace Van der Merwe | F74: 1000000000000 | G74: 13-04-2010 | I74: 688245897 | J74: Ward 18 | K74: Foster Child Grant | L74: COMPLETE | M74: captured | N74: Q171 | O74: Busisiwe Nel | Q74: Elderly applicant assisted due to mobility issues
A75: DHA-000439 | B75: 29/11/2025 | C75: Home Affairs - Passport Application | D75: Vanderbijlpark Home Affairs | E75: marie van der merwe | F75: 5310000000000 | G75: 19501 | I75: 066-582-0927 | J75: Ward 15 | L75: Rejected | M75: Closed | N75: Q005 | O75: Lerato Radebe | Q75: Record incomplete - contact number illegible on form
A76: SASSA-000477 | B76: 29-01-2026 | C76: SASSA Grant Application | D76: Three Rivers Clinic | E76: Bongani Nkosi | F76: ID NOT PROVIDED | H76: Female | J76: Ward 5 | K76: Care Dependency Grant | L76: Rejected | M76: Captured | O76: Busisiwe Mahlangu | Q76: Applicant did not bring required supporting documents
A77: mun-000513 | B77: 46157 | C77: Municipal - Account Query | D77: Meyerton Municipal Office | E77: Refilwe Radebe | F77: 7910000000000 | G77: 29197 | H77: F | J77: Ward 15 | L77: Rejected | M77: captured | N77: Q086 | O77: Werner Mahlangu | Q77: Client to return with proof of residence
A78: DHA-000072 | B78: 46102 | C78: Home Affairs - Passport Application | D78: Evaton SASSA Office | E78: Marie Pretorius | F78: 8800000000000 | G78: 32481 | I78: 064 884 7605 | J78: Ward 12 | L78: Awaiting Home Affairs Confirmation | M78: captured | N78: Q153 | O78: Lerato Sithole | P78: 46330 | Q78: Applicant is a minor, guardian present and documented
A79: SASSA000237 | B79: 46180 | C79: SASSA Grant Status Enquiry | D79: Sasolburg Home Affairs | E79: Kagiso Kruger | F79: 6810000000000 | G79: 25003 | H79: Female | I79: (065) 8544203 | J79: Ward 11 | K79: Disability Grant | L79: Incomplete - Missing Proof of Residence | N79: Q151 | O79: Refilwe Coetzee | P79: 46187 | Q79: Duplicate application found on system - flagged
A80: DHA-001010 | B80: 46077 | C80: Home Affairs - Birth Certificate | D80: Meyerton Municipal Office | E80: Dorah Sithole | F80: 9310000000000 | G80: 34268 | I80: 065 908 7978 | J80: Ward 15 | L80: complete | M80: CAPTURED | N80: Q026 | O80: Lerato Meyer | Q80: Applicant did not bring required supporting documents
A81: dha-000052 | B81: 46089 | C81: Home Affairs - Birth Certificate | D81: Vanderbijlpark Home Affairs | E81: Anna Van der Merwe | F81: 7200000000000 | G81: 26408 | H81: Male | I81: 074 198 1601 | J81: Ward 22 | L81: Under Review | M81: captured | N81: Q049 | O81: Refilwe Meyer | Q81: Incorrect ID number provided initially, corrected
A82: DHA000729 | B82: 46111 | C82: Home Affairs - ID Application | D82: Boipatong Clinic | E82: Sipho Ndlovu | F82: 504000000000 | G82: 38443 | H82: M | I82: 068 701 7151 | J82: Ward 3 | L82: COMPLETE | M82: Captured | N82: Q218 | O82: Busisiwe Meyer
A83: SASSA-000229 | B83: 20/01/2026 | C83: SASSA Grant Application | D83: Emfuleni Municipal Office | E83: lindiwe steyn | F83: 207000000000 | G83: 31/07/2002 | H83: Male | I83: 065 495 9436 | J83: Ward 20 | K83: Older Person's Grant | L83: complete | O83: Lerato Radebe | Q83: System offline - captured manually, will upload later
A84: SASSA-000699 | B84: 16-03-2026 | C84: SASSA Grant Application | D84: Sebokeng SASSA Office | E84: Sipho Ndlovu | F84: 8600000000000 | G84: 31433 | J84: Ward 13 | K84: Care Dependency Grant | L84: Approved | M84: Re-opened | N84: Q281 | O84: Lerato Khumalo | Q84: Home Affairs system down for maintenance during visit
A85: SASSA-000004 | B85: 46037 | C85: SASSA Grant Application | D85: Sasolburg Home Affairs | E85: Thabo Ndlovu | F85: 8410000000000 | G85: 30809 | H85: Male | I85: (073) 6617527 | J85: Ward 12 | L85: Complete | M85: Captured | N85: Q041 | O85: Andries Radebe | Q85: Elderly applicant assisted due to mobility issues
A86: sassa-000236 | B86: 46061 | C86: SASSA Grant Application | D86: Boipatong Clinic | E86: Grace Fourie | G86: 21-07-1988 | H86: M | I86: 27813645613 | J86: Ward 15 | K86: SRD Grant | L86: Under Review | M86: Escalated | N86: Q239 | O86: Werner Coetzee | Q86: Biometric capture failed, rescheduled
A87: CLN-000296 | B87: 46083 | C87: Clinic - General Consultation | D87: Three Rivers Clinic | E87: Johannes Mokoena | F87: 5010000000000 | G87: 18465 | H87: Male | I87: (068) 6025074 | J87: Ward 20 | L87: Rejected | M87: captured | N87: Q161 | Q87: Grant payment query - referred to SASSA call centre
A88: cln-000584 | B88: 46148 | C88: Clinic - General Consultation | D88: Sebokeng SASSA Office | E88: Marie Mahlangu | G88: 21/09/1979 | H88: male | I88: 076-336-2391 | J88: Ward 23 | L88: Incomplete - Missing Proof of Residence | M88: Pending | N88: Q239 | O88: Busisiwe Radebe | Q88: Applicant did not bring required supporting documents
A89: MUN-000648 | B89: 46277 | C89: Municipal - Service Request | D89: Meyerton Municipal Office | E89: Sipho Nkosi | F89: 7310000000000 | G89: 26931 | H89: M | I89: 075 837 9625 | L89: Awaiting Home Affairs Confirmation | M89: Re-opened | N89: Q017 | O89: Deon Swart | P89: 46283 | Q89: System offline - captured manually, will upload later
A90: MUN-000420 | B90: 46258 | C90: Municipal - Account Query | D90: Vanderbijlpark Home Affairs | E90: Marie Van der Merwe | F90: 5410000000000 | G90: 19980 | H90: Female | I90: N/A | J90: Ward 17 | L90: Pending Verification | N90: Q106 | O90: Chris Coetzee | P90: 46212 | Q90: Home Affairs system down for maintenance during visit
A91: DHA-000837 | B91: 46115 | C91: Home Affairs - ID Application | D91: Evaton SASSA Office | E91: Sizwe Mokgadi | F91: 9800000000000 | G91: 17-01-1998 | H91: Female | I91: 066 165 3987 | J91: Ward 22 | L91: Incomplete - Missing ID Copy | M91: CAPTURED | N91: Q081 | O91: Deon Radebe | P91: 17-03-2026 | Q91: Follow-up call required to confirm banking details
A92: SASSA-000132 | B92: 23-02-2026 | C92: SASSA Grant Application | D92: Boipatong Clinic | E92: pieter kruger | F92: 6600000000000 | G92: 23/03/1966 | H92: female | I92: 082 657 0609 | J92: Ward 9 | K92: Foster Child Grant | L92: complete | M92: Captured | N92: Q277 | Q92: Home Affairs system down for maintenance during visit
A93: DHA-000872 | B93: 46153 | C93: Home Affairs - Birth Certificate | D93: Sasolburg Home Affairs | E93: Grace Radebe | F93: 8610000000000 | G93: 31611 | H93: F | I93: 064-893-4265 | J93: Ward 20 | K93: Older Persons Grant | L93: COMPLETE | M93: Captured | N93: Q115 | O93: Lerato Coetzee
A94: CLN-001003 | B94: 46068 | C94: Clinic - General Consultation | D94: Three Rivers Clinic | E94: Mandla Mokoena | F94: 6510000000000 | G94: 23899 | H94: Male | I94: 759724381 | J94: Ward 18 | L94: Rejected | M94: Resolved | N94: Q217 | Q94: Incorrect ID number provided initially, corrected
A95: DHA-000689 | B95: 46097 | C95: Home Affairs - ID Application | D95: Meyerton Municipal Office | E95: Tumelo Pretorius | F95: 8100000000000 | G95: 29709 | H95: Female | J95: Ward 9 | M95: Awaiting Documents | N95: Q024 | O95: Werner Khumalo | Q95: Applicant is a minor, guardian present and documented
A96: CLN-000624 | B96: 14/01/2026 | C96: Clinic - Chronic Medication Collection | D96: Emfuleni Municipal Office | E96: Refilwe Nkosi | F96: 5710000000000 | G96: 31-07-1957 | H96: Male | I96: 076-530-7645 | J96: Ward 22 | L96: Awaiting Home Affairs Confirmation | M96: Pending | O96: Chris Coetzee | P96: 46039 | Q96: Grant payment query - referred to SASSA call centre
A97: DHA-000717 | B97: 46026 | C97: Home Affairs - ID Application | D97: Sasolburg Home Affairs | E97: Elizabeth Van der Merwe | F97: 8910000000000 | G97: 32753 | H97: F | I97: N/A | J97: Ward 22 | L97: Awaiting Home Affairs Confirmation | M97: Awaiting Documents | N97: Q110 | O97: Palesa Nel | P97: 46040 | Q97: Biometric capture failed, rescheduled
A98: SASSA-000280 | B98: 23/07/2026 | C98: SASSA Grant Status Enquiry | D98: Sebokeng SASSA Office | E98: Johannes Mokoena | F98: 5410000000000 | G98: 19928 | H98: female | I98: 076-761-1530 | J98: Ward 3 (Informal Settlement) | L98: complete | M98: CAPTURED | O98: Lerato Khumalo
A99: sassa-000877 | B99: 46302 | C99: SASSA Grant Application | D99: Vanderbijlpark Home Affairs | E99: Sizwe Molefe | F99: 1900000000000 | G99: 26-04-2019 | H99: F | I99: 075 180 3463 | J99: Ward 24 | K99: Care Dependency Grant | L99: Pending Verification | M99: Re-opened | N99: Q009 | O99: Busisiwe Coetzee | P99: 46217 | Q99: Biometric capture failed, rescheduled
A100: DHA000794 | C100: Home Affairs - ID Application | D100: Three Rivers Clinic | E100: Sipho Mahlangu | F100: 9110000000000 | G100: 33466 | H100: F | I100: 070-723-2815 | J100: Ward 2 | L100: Pending Verification | N100: Q084 | O100: Zanele Mahlangu | Q100: Interpreter required - assisted in Sesotho
...

Sheet Cleaned Data
A1: =citizen_services_records_log!A1 -> Case Reference | B1: =citizen_services_records_log!B1 -> Date Captured | C1: =citizen_services_records_log!C1 -> Service Type | D1: =citizen_services_records_log!D1 -> Branch/Office | E1: =citizen_services_records_log!E1 -> Applicant Full Name | F1: =citizen_services_records_log!F1 -> ID Number | G1: =citizen_services_records_log!G1 -> Date of Birth | H1: =citizen_services_records_log!H1 -> Gender | ... Q1: =citizen_services_records_log!Q1 -> Notes
A2: =IF(ISBLANK(citizen_services_records_log!A2),"None",(CONCATENATE(UPPER(_xlfn.TEXTBEFORE(SUBSTITUTE(citizen_services_records_log!A2, "-", ""), {"0","1","2","3","4","5","6","7","8","9"}, 1)),"-",RIGHT(citizen_services_records_log!A2,6)))) -> SASSA-000796 | B2: =IF(ISBLANK(citizen_services_records_log!B2),"None",IF(ISNUMBER(citizen_services_records_log!B2),citizen_services_records_log!B2,DATE(RIGHT(citizen_services_records_log!B2,4),MID(citizen_services_records_log!B2,4,2),LEFT(citizen_services_records_log!B2,2)))) -> 46156 | C2: =IF(citizen_services_records_log!C2 = "SASSA Grant Status Enquiry","SASSA - Grant Status Enquiry",IF(citizen_services_records_log!C2 = "SASSA Grant Application", "SASSA - Grant Application", IF(citizen_services_records_log!C2=0,"None", citizen_services_records_log!C2))) -> SASSA - Grant Application | D2: {=_xlfn.IFS(ISTEXT(citizen_services_records_log!D2),PROPER(citizen_services_records_log!D2),ISBLANK(citizen_services_records_log!D2),"None")} -> Sharpeville Clinic | E2: {=_xlfn.IFS(ISTEXT(citizen_services_records_log!E2),PROPER(citizen_services_records_log!E2),ISBLANK(citizen_services_records_log!E2),"None")} -> Nomvula Fourie | F2: {=_xlfn.IFS(ISBLANK(citizen_services_records_log!F2),"None", TYPE(citizen_services_records_log!F2)=1,citizen_services_records_log!F2,citizen_services_records_log!F2="ID NOT PROVIDED","ID not provided" )} -> 8500000000000 | G2: =IF(ISBLANK(citizen_services_records_log!G2),"None",IF(ISNUMBER(citizen_services_records_log!G2),citizen_services_records_log!G2,DATE(RIGHT(citizen_services_records_log!G2,4),MID(citizen_services_records_log!G2,4,2),LEFT(citizen_services_records_log!G2,2)))) -> 31160 | H2: {=_xlfn.IFS(citizen_services_records_log!H2="M", "Male", citizen_services_records_log!H2 = "F", "Female", citizen_services_records_log!H2="male", "Male", citizen_services_records_log!H2="female","Female", ISBLANK(citizen_services_records_log!H2),"None", citizen_services_records_log!H2 = "Female", "Female", citizen_services_records_log!H2="Male","Male")} -> Male | I2: =IF(OR(ISBLANK(citizen_services_records_log!I2),UPPER(TRIM(citizen_services_records_log!I2))="N/A"),"None",_xlfn.LET(_xlpm.d,RIGHT(SUBSTITUTE(SUBSTITUTE(SUBSTITUTE(SUBSTITUTE(citizen_services_records_log!I2," ",""),"-",""),"(",""),")",""),9),"0"&LEFT(_xlpm.d,2)&" "&MID(_xlpm.d,3,3)&" "&RIGHT(_xlpm.d,4))) -> 072 291 3562 | J2: {=_xlfn.IFS(ISTEXT(citizen_services_records_log!J2),citizen_services_records_log!J2,ISBLANK(citizen_services_records_log!J2),"None")} -> Ward 20 | K2: {=_xlfn.IFS(ISTEXT(citizen_services_records_log!K2),citizen_services_records_log!K2, ISBLANK(citizen_services_records_log!K2),"None")} -> Older Person's Grant | L2: {=SUBSTITUTE(PROPER(_xlfn.IFS(ISTEXT(citizen_services_records_log!L2),citizen_services_records_log!L2, ISBLANK(citizen_services_records_log!L2),"None")),"Id","ID",1)} -> Pending Verification | M2: {=IF(citizen_services_records_log!M2 = "Re-opened","Re-opened",PROPER(_xlfn.IFS(ISTEXT(citizen_services_records_log!M2),citizen_services_records_log!M2, ISBLANK(citizen_services_records_log!M2),"None")))} -> Resolved | N2: {=(_xlfn.IFS(ISTEXT(citizen_services_records_log!N2),citizen_services_records_log!N2,ISBLANK(citizen_services_records_log!N2),"None"))} -> Q137 | O2: {=_xlfn.IFS(ISTEXT(citizen_services_records_log!O2),PROPER(citizen_services_records_log!O2),ISBLANK(citizen_services_records_log!O2),"None")} -> Werner Meyer | P2: =IF(ISBLANK(citizen_services_records_log!P2),"None",IF(ISNUMBER(citizen_services_records_log!P2),citizen_services_records_log!P2,DATE(RIGHT(citizen_services_records_log!P2,4),MID(citizen_services_records_log!P2,4,2),LEFT(citizen_services_records_log!P2,2)))) -> 46175 | Q2: {=SUBSTITUTE(_xlfn.IFS(ISTEXT(citizen_services_records_log!Q2),PROPER(citizen_services_records_log!Q2),ISBLANK(citizen_services_records_log!Q2),"None"),"Id","ID",1)} -> System Offline - Captured Manually, Will Upload Later
A3: =IF(ISBLANK(citizen_services_records_log!A3),"None",(CONCATENATE(UPPER(_xlfn.TEXTBEFORE(SUBSTITUTE(citizen_services_records_log!A3, "-", ""), {"0","1","2","3","4","5","6","7","8","9"}, 1)),"-",RIGHT(citizen_services_records_log!A3,6)))) -> DHA-001034 | B3: =IF(ISBLANK(citizen_services_records_log!B3),"None",IF(ISNUMBER(citizen_services_records_log!B3),citizen_services_records_log!B3,DATE(RIGHT(citizen_services_records_log!B3,4),MID(citizen_services_records_log!B3,4,2),LEFT(citizen_services_records_log!B3,2)))) -> 46127 | C3: =IF(citizen_services_records_log!C3 = "SASSA Grant Status Enquiry","SASSA - Grant Status Enquiry",IF(citizen_services_records_log!C3 = "SASSA Grant Application", "SASSA - Grant Application", IF(citizen_services_records_log!C3=0,"None", citizen_services_records_log!C3))) -> Home Affairs - Passport Application | D3: {=_xlfn.IFS(ISTEXT(citizen_services_records_log!D3),PROPER(citizen_services_records_log!D3),ISBLANK(citizen_services_records_log!D3),"None")} -> Vanderbijlpark Home Affairs | E3: {=_xlfn.IFS(ISTEXT(citizen_services_records_log!E3),PROPER(citizen_services_records_log!E3),ISBLANK(citizen_services_records_log!E3),"None")} -> Marie Van Der Merwe | F3: {=_xlfn.IFS(ISBLANK(citizen_services_records_log!F3),"None", TYPE(citizen_services_records_log!F3)=1,citizen_services_records_log!F3,citizen_services_records_log!F3="ID NOT PROVIDED","ID not provided" )} -> 7910000000000 | G3: =IF(ISBLANK(citizen_services_records_log!G3),"None",IF(ISNUMBER(citizen_services_records_log!G3),citizen_services_records_log!G3,DATE(RIGHT(citizen_services_records_log!G3,4),MID(citizen_services_records_log!G3,4,2),LEFT(citizen_services_records_log!G3,2)))) -> 29118 | H3: {=_xlfn.IFS(citizen_services_records_log!H3="M", "Male", citizen_services_records_log!H3 = "F", "Female", citizen_services_records_log!H3="male", "Male", citizen_services_records_log!H3="female","Female", ISBLANK(citizen_services_records_log!H3),"None", citizen_services_records_log!H3 = "Female", "Female", citizen_services_records_log!H3="Male","Male")} -> Male | I3: =IF(OR(ISBLANK(citizen_services_records_log!I3),UPPER(TRIM(citizen_services_records_log!I3))="N/A"),"None",_xlfn.LET(_xlpm.d,RIGHT(SUBSTITUTE(SUBSTITUTE(SUBSTITUTE(SUBSTITUTE(citizen_services_records_log!I3," ",""),"-",""),"(",""),")",""),9),"0"&LEFT(_xlpm.d,2)&" "&MID(_xlpm.d,3,3)&" "&RIGHT(_xlpm.d,4))) -> 067 773 4000 | J3: {=_xlfn.IFS(ISTEXT(citizen_services_records_log!J3),citizen_services_records_log!J3,ISBLANK(citizen_services_records_log!J3),"None")} -> Ward 18 | K3: {=_xlfn.IFS(ISTEXT(citizen_services_records_log!K3),citizen_services_records_log!K3, ISBLANK(citizen_services_records_log!K3),"None")} -> None | L3: {=SUBSTITUTE(PROPER(_xlfn.IFS(ISTEXT(citizen_services_records_log!L3),citizen_services_records_log!L3, ISBLANK(citizen_services_records_log!L3),"None")),"Id","ID",1)} -> Under Review | M3: {=IF(citizen_services_records_log!M3 = "Re-opened","Re-opened",PROPER(_xlfn.IFS(ISTEXT(citizen_services_records_log!M3),citizen_services_records_log!M3, ISBLANK(citizen_services_records_log!M3),"None")))} -> Captured | N3: {=(_xlfn.IFS(ISTEXT(citizen_services_records_log!N3),citizen_services_records_log!N3,ISBLANK(citizen_services_records_log!N3),"None"))} -> Q008 | O3: {=_xlfn.IFS(ISTEXT(citizen_services_records_log!O3),PROPER(citizen_services_records_log!O3),ISBLANK(citizen_services_records_log!O3),"None")} -> Lerato Mahlangu | P3: =IF(ISBLANK(citizen_services_records_log!P3),"None",IF(ISNUMBER(citizen_services_records_log!P3),citizen_services_records_log!P3,DATE(RIGHT(citizen_services_records_log!P3,4),MID(citizen_services_records_log!P3,4,2),LEFT(citizen_services_records_log!P3,2)))) -> None | Q3: {=SUBSTITUTE(_xlfn.IFS(ISTEXT(citizen_services_records_log!Q3),PROPER(citizen_services_records_log!Q3),ISBLANK(citizen_services_records_log!Q3),"None"),"Id","ID",1)} -> Grant Payment Query - Referred To Sassa Call Centre
A4: =IF(ISBLANK(citizen_services_records_log!A4),"None",(CONCATENATE(UPPER(_xlfn.TEXTBEFORE(SUBSTITUTE(citizen_services_records_log!A4, "-", ""), {"0","1","2","3","4","5","6","7","8","9"}, 1)),"-",RIGHT(citizen_services_records_log!A4,6)))) -> MUN-000761 | B4: =IF(ISBLANK(citizen_services_records_log!B4),"None",IF(ISNUMBER(citizen_services_records_log!B4),citizen_services_records_log!B4,DATE(RIGHT(citizen_services_records_log!B4,4),MID(citizen_services_records_log!B4,4,2),LEFT(citizen_services_records_log!B4,2)))) -> 46281 | C4: =IF(citizen_services_records_log!C4 = "SASSA Grant Status Enquiry","SASSA - Grant Status Enquiry",IF(citizen_services_records_log!C4 = "SASSA Grant Application", "SASSA - Grant Application", IF(citizen_services_records_log!C4=0,"None", citizen_services_records_log!C4))) -> Municipal - Service Request | D4: {=_xlfn.IFS(ISTEXT(citizen_services_records_log!D4),PROPER(citizen_services_records_log!D4),ISBLANK(citizen_services_records_log!D4),"None")} -> Vanderbijlpark Home Affairs | E4: {=_xlfn.IFS(ISTEXT(citizen_services_records_log!E4),PROPER(citizen_services_records_log!E4),ISBLANK(citizen_services_records_log!E4),"None")} -> Nomvula Pretorius | F4: {=_xlfn.IFS(ISBLANK(citizen_services_records_log!F4),"None", TYPE(citizen_services_records_log!F4)=1,citizen_services_records_log!F4,citizen_services_records_log!F4="ID NOT PROVIDED","ID not provided" )} -> None | G4: =IF(ISBLANK(citizen_services_records_log!G4),"None",IF(ISNUMBER(citizen_services_records_log!G4),citizen_services_records_log!G4,DATE(RIGHT(citizen_services_records_log!G4,4),MID(citizen_services_records_log!G4,4,2),LEFT(citizen_services_records_log!G4,2)))) -> 30487 | H4: {=_xlfn.IFS(citizen_services_records_log!H4="M", "Male", citizen_services_records_log!H4 = "F", "Female", citizen_services_records_log!H4="male", "Male", citizen_services_records_log!H4="female","Female", ISBLANK(citizen_services_records_log!H4),"None", citizen_services_records_log!H4 = "Female", "Female", citizen_services_records_log!H4="Male","Male")} -> Female | I4: =IF(OR(ISBLANK(citizen_services_records_log!I4),UPPER(TRIM(citizen_services_records_log!I4))="N/A"),"None",_xlfn.LET(_xlpm.d,RIGHT(SUBSTITUTE(SUBSTITUTE(SUBSTITUTE(SUBSTITUTE(citizen_services_records_log!I4," ",""),"-",""),"(",""),")",""),9),"0"&LEFT(_xlpm.d,2)&" "&MID(_xlpm.d,3,3)&" "&RIGHT(_xlpm.d,4))) -> 081 175 7562 | J4: {=_xlfn.IFS(ISTEXT(citizen_services_records_log!J4),citizen_services_records_log!J4,ISBLANK(citizen_services_records_log!J4),"None")} -> Ward 7 | K4: {=_xlfn.IFS(ISTEXT(citizen_services_records_log!K4),citizen_services_records_log!K4, ISBLANK(citizen_services_records_log!K4),"None")} -> None | L4: {=SUBSTITUTE(PROPER(_xlfn.IFS(ISTEXT(citizen_services_records_log!L4),citizen_services_records_log!L4, ISBLANK(citizen_services_records_log!L4),"None")),"Id","ID",1)} -> None | M4: {=IF(citizen_services_records_log!M4 = "Re-opened","Re-opened",PROPER(_xlfn.IFS(ISTEXT(citizen_services_records_log!M4),citizen_services_records_log!M4, ISBLANK(citizen_services_records_log!M4),"None")))} -> Closed | N4: {=(_xlfn.IFS(ISTEXT(citizen_services_records_log!N4),citizen_services_records_log!N4,ISBLANK(citizen_services_records_log!N4),"None"))} -> Q055 | O4: {=_xlfn.IFS(ISTEXT(citizen_services_records_log!O4),PROPER(citizen_services_records_log!O4),ISBLANK(citizen_services_records_log!O4),"None")} -> Refilwe Khumalo | P4: =IF(ISBLANK(citizen_services_records_log!P4),"None",IF(ISNUMBER(citizen_services_records_log!P4),citizen_services_records_log!P4,DATE(RIGHT(citizen_services_records_log!P4,4),MID(citizen_services_records_log!P4,4,2),LEFT(citizen_services_records_log!P4,2)))) -> None | Q4: {=SUBSTITUTE(_xlfn.IFS(ISTEXT(citizen_services_records_log!Q4),PROPER(citizen_services_records_log!Q4),ISBLANK(citizen_services_records_log!Q4),"None"),"Id","ID",1)} -> None
A5: =IF(ISBLANK(citizen_services_records_log!A5),"None",(CONCATENATE(UPPER(_xlfn.TEXTBEFORE(SUBSTITUTE(citizen_services_records_log!A5, "-", ""), {"0","1","2","3","4","5","6","7","8","9"}, 1)),"-",RIGHT(citizen_services_records_log!A5,6)))) -> DHA-000959 | B5: =IF(ISBLANK(citizen_services_records_log!B5),"None",IF(ISNUMBER(citizen_services_records_log!B5),citizen_services_records_log!B5,DATE(RIGHT(citizen_services_records_log!B5,4),MID(citizen_services_records_log!B5,4,2),LEFT(citizen_services_records_log!B5,2)))) -> 46234 | C5: =IF(citizen_services_records_log!C5 = "SASSA Grant Status Enquiry","SASSA - Grant Status Enquiry",IF(citizen_services_records_log!C5 = "SASSA Grant Application", "SASSA - Grant Application", IF(citizen_services_records_log!C5=0,"None", citizen_services_records_log!C5))) -> Home Affairs - Birth Certificate | D5: {=_xlfn.IFS(ISTEXT(citizen_services_records_log!D5),PROPER(citizen_services_records_log!D5),ISBLANK(citizen_services_records_log!D5),"None")} -> Emfuleni Municipal Office | E5: {=_xlfn.IFS(ISTEXT(citizen_services_records_log!E5),PROPER(citizen_services_records_log!E5),ISBLANK(citizen_services_records_log!E5),"None")} -> Marie Mokgadi | F5: {=_xlfn.IFS(ISBLANK(citizen_services_records_log!F5),"None", TYPE(citizen_services_records_log!F5)=1,citizen_services_records_log!F5,citizen_services_records_log!F5="ID NOT PROVIDED","ID not provided" )} -> None | G5: =IF(ISBLANK(citizen_services_records_log!G5),"None",IF(ISNUMBER(citizen_services_records_log!G5),citizen_services_records_log!G5,DATE(RIGHT(citizen_services_records_log!G5,4),MID(citizen_services_records_log!G5,4,2),LEFT(citizen_services_records_log!G5,2)))) -> None | H5: {=_xlfn.IFS(citizen_services_records_log!H5="M", "Male", citizen_services_records_log!H5 = "F", "Female", citizen_services_records_log!H5="male", "Male", citizen_services_records_log!H5="female","Female", ISBLANK(citizen_services_records_log!H5),"None", citizen_services_records_log!H5 = "Female", "Female", citizen_services_records_log!H5="Male","Male")} -> Male | I5: =IF(OR(ISBLANK(citizen_services_records_log!I5),UPPER(TRIM(citizen_services_records_log!I5))="N/A"),"None",_xlfn.LET(_xlpm.d,RIGHT(SUBSTITUTE(SUBSTITUTE(SUBSTITUTE(SUBSTITUTE(citizen_services_records_log!I5," ",""),"-",""),"(",""),")",""),9),"0"&LEFT(_xlpm.d,2)&" "&MID(_xlpm.d,3,3)&" "&RIGHT(_xlpm.d,4))) -> 075 123 0616 | J5: {=_xlfn.IFS(ISTEXT(citizen_services_records_log!J5),citizen_services_records_log!J5,ISBLANK(citizen_services_records_log!J5),"None")} -> Ward 6 | K5: {=_xlfn.IFS(ISTEXT(citizen_services_records_log!K5),citizen_services_records_log!K5, ISBLANK(citizen_services_records_log!K5),"None")} -> None | L5: {=SUBSTITUTE(PROPER(_xlfn.IFS(ISTEXT(citizen_services_records_log!L5),citizen_services_records_log!L5, ISBLANK(citizen_services_records_log!L5),"None")),"Id","ID",1)} -> Complete | M5: {=IF(citizen_services_records_log!M5 = "Re-opened","Re-opened",PROPER(_xlfn.IFS(ISTEXT(citizen_services_records_log!M5),citizen_services_records_log!M5, ISBLANK(citizen_services_records_log!M5),"None")))} -> Awaiting Documents | N5: {=(_xlfn.IFS(ISTEXT(citizen_services_records_log!N5),citizen_services_records_log!N5,ISBLANK(citizen_services_records_log!N5),"None"))} -> Q244 | O5: {=_xlfn.IFS(ISTEXT(citizen_services_records_log!O5),PROPER(citizen_services_records_log!O5),ISBLANK(citizen_services_records_log!O5),"None")} -> Refilwe Nel | P5: =IF(ISBLANK(citizen_services_records_log!P5),"None",IF(ISNUMBER(citizen_services_records_log!P5),citizen_services_records_log!P5,DATE(RIGHT(citizen_services_records_log!P5,4),MID(citizen_services_records_log!P5,4,2),LEFT(citizen_services_records_log!P5,2)))) -> None | Q5: {=SUBSTITUTE(_xlfn.IFS(ISTEXT(citizen_services_records_log!Q5),PROPER(citizen_services_records_log!Q5),ISBLANK(citizen_services_records_log!Q5),"None"),"Id","ID",1)} -> None
A6: =IF(ISBLANK(citizen_services_records_log!A6),"None",(CONCATENATE(UPPER(_xlfn.TEXTBEFORE(SUBSTITUTE(citizen_services_records_log!A6, "-", ""), {"0","1","2","3","4","5","6","7","8","9"}, 1)),"-",RIGHT(citizen_services_records_log!A6,6)))) -> SASSA-000603 | B6: =IF(ISBLANK(citizen_services_records_log!B6),"None",IF(ISNUMBER(citizen_services_records_log!B6),citizen_services_records_log!B6,DATE(RIGHT(citizen_services_records_log!B6,4),MID(citizen_services_records_log!B6,4,2),LEFT(citizen_services_records_log!B6,2)))) -> 46093 | C6: =IF(citizen_services_records_log!C6 = "SASSA Grant Status Enquiry","SASSA - Grant Status Enquiry",IF(citizen_services_records_log!C6 = "SASSA Grant Application", "SASSA - Grant Application", IF(citizen_services_records_log!C6=0,"None", citizen_services_records_log!C6))) -> SASSA - Grant Application | D6: {=_xlfn.IFS(ISTEXT(citizen_services_records_log!D6),PROPER(citizen_services_records_log!D6),ISBLANK(citizen_services_records_log!D6),"None")} -> Emfuleni Municipal Office | E6: {=_xlfn.IFS(ISTEXT(citizen_services_records_log!E6),PROPER(citizen_services_records_log!E6),ISBLANK(citizen_services_records_log!E6),"None")} -> Grace Steyn | F6: {=_xlfn.IFS(ISBLANK(citizen_services_records_log!F6),"None", TYPE(citizen_services_records_log!F6)=1,citizen_services_records_log!F6,citizen_services_records_log!F6="ID NOT PROVIDED","ID not provided" )} -> None | G6: =IF(ISBLANK(citizen_services_records_log!G6),"None",IF(ISNUMBER(citizen_services_records_log!G6),citizen_services_records_log!G6,DATE(RIGHT(citizen_services_records_log!G6,4),MID(citizen_services_records_log!G6,4,2),LEFT(citizen_services_records_log!G6,2)))) -> 16512 | H6: {=_xlfn.IFS(citizen_services_records_log!H6="M", "Male", citizen_services_records_log!H6 = "F", "Female", citizen_services_records_log!H6="male", "Male", citizen_services_records_log!H6="female","Female", ISBLANK(citizen_services_records_log!H6),"None", citizen_services_records_log!H6 = "Female", "Female", citizen_services_records_log!H6="Male","Male")} -> Male | I6: =IF(OR(ISBLANK(citizen_services_records_log!I6),UPPER(TRIM(citizen_services_records_log!I6))="N/A"),"None",_xlfn.LET(_xlpm.d,RIGHT(SUBSTITUTE(SUBSTITUTE(SUBSTITUTE(SUBSTITUTE(citizen_services_records_log!I6," ",""),"-",""),"(",""),")",""),9),"0"&LEFT(_xlpm.d,2)&" "&MID(_xlpm.d,3,3)&" "&RIGHT(_xlpm.d,4))) -> 076 711 8567 | J6: {=_xlfn.IFS(ISTEXT(citizen_services_records_log!J6),citizen_services_records_log!J6,ISBLANK(citizen_services_records_log!J6),"None")} -> Ward 20 | K6: {=_xlfn.IFS(ISTEXT(citizen_services_records_log!K6),citizen_services_records_log!K6, ISBLANK(citizen_services_records_log!K6),"None")} -> Social Relief of Distress (SRD) | L6: {=SUBSTITUTE(PROPER(_xlfn.IFS(ISTEXT(citizen_services_records_log!L6),citizen_services_records_log!L6, ISBLANK(citizen_services_records_log!L6),"None")),"Id","ID",1)} -> None | M6: {=IF(citizen_services_records_log!M6 = "Re-opened","Re-opened",PROPER(_xlfn.IFS(ISTEXT(citizen_services_records_log!M6),citizen_services_records_log!M6, ISBLANK(citizen_services_records_log!M6),"None")))} -> Escalated | N6: {=(_xlfn.IFS(ISTEXT(citizen_services_records_log!N6),citizen_services_records_log!N6,ISBLANK(citizen_services_records_log!N6),"None"))} -> Q211 | O6: {=_xlfn.IFS(ISTEXT(citizen_services_records_log!O6),PROPER(citizen_services_records_log!O6),ISBLANK(citizen_services_records_log!O6),"None")} -> Lerato Nel | P6: =IF(ISBLANK(citizen_services_records_log!P6),"None",IF(ISNUMBER(citizen_services_records_log!P6),citizen_services_records_log!P6,DATE(RIGHT(citizen_services_records_log!P6,4),MID(citizen_services_records_log!P6,4,2),LEFT(citizen_services_records_log!P6,2)))) -> None | Q6: {=SUBSTITUTE(_xlfn.IFS(ISTEXT(citizen_services_records_log!Q6),PROPER(citizen_services_records_log!Q6),ISBLANK(citizen_services_records_log!Q6),"None"),"Id","ID",1)} -> Urgent Case - Fast-Tracked Per Supervisor Approval
A7: =IF(ISBLANK(citizen_services_records_log!A7),"None",(CONCATENATE(UPPER(_xlfn.TEXTBEFORE(SUBSTITUTE(citizen_services_records_log!A7, "-", ""), {"0","1","2","3","4","5","6","7","8","9"}, 1)),"-",RIGHT(citizen_services_records_log!A7,6)))) -> CLN-000736 | B7: =IF(ISBLANK(citizen_services_records_log!B7),"None",IF(ISNUMBER(citizen_services_records_log!B7),citizen_services_records_log!B7,DATE(RIGHT(citizen_services_records_log!B7,4),MID(citizen_services_records_log!B7,4,2),LEFT(citizen_services_records_log!B7,2)))) -> 46226 | C7: =IF(citizen_services_records_log!C7 = "SASSA Grant Status Enquiry","SASSA - Grant Status Enquiry",IF(citizen_services_records_log!C7 = "SASSA Grant Application", "SASSA - Grant Application", IF(citizen_services_records_log!C7=0,"None", citizen_services_records_log!C7))) -> Clinic - Chronic Medication Collection | D7: {=_xlfn.IFS(ISTEXT(citizen_services_records_log!D7),PROPER(citizen_services_records_log!D7),ISBLANK(citizen_services_records_log!D7),"None")} -> Vanderbijlpark Home Affairs | E7: {=_xlfn.IFS(ISTEXT(citizen_services_records_log!E7),PROPER(citizen_services_records_log!E7),ISBLANK(citizen_services_records_log!E7),"None")} -> Dorah Mokoena | F7: {=_xlfn.IFS(ISBLANK(citizen_services_records_log!F7),"None", TYPE(citizen_services_records_log!F7)=1,citizen_services_records_log!F7,citizen_services_records_log!F7="ID NOT PROVIDED","ID not provided" )} -> 7110000000000 | G7: =IF(ISBLANK(citizen_services_records_log!G7),"None",IF(ISNUMBER(citizen_services_records_log!G7),citizen_services_records_log!G7,DATE(RIGHT(citizen_services_records_log!G7,4),MID(citizen_services_records_log!G7,4,2),LEFT(citizen_services_records_log!G7,2)))) -> 26004 | H7: {=_xlfn.IFS(citizen_services_records_log!H7="M", "Male", citizen_services_records_log!H7 = "F", "Female", citizen_services_records_log!H7="male", "Male", citizen_services_records_log!H7="female","Female", ISBLANK(citizen_services_records_log!H7),"None", citizen_services_records_log!H7 = "Female", "Female", citizen_services_records_log!H7="Male","Male")} -> Female | I7: =IF(OR(ISBLANK(citizen_services_records_log!I7),UPPER(TRIM(citizen_services_records_log!I7))="N/A"),"None",_xlfn.LET(_xlpm.d,RIGHT(SUBSTITUTE(SUBSTITUTE(SUBSTITUTE(SUBSTITUTE(citizen_services_records_log!I7," ",""),"-",""),"(",""),")",""),9),"0"&LEFT(_xlpm.d,2)&" "&MID(_xlpm.d,3,3)&" "&RIGHT(_xlpm.d,4))) -> 081 839 9641 | J7: {=_xlfn.IFS(ISTEXT(citizen_services_records_log!J7),citizen_services_records_log!J7,ISBLANK(citizen_services_records_log!J7),"None")} -> Ward 23 | K7: {=_xlfn.IFS(ISTEXT(citizen_services_records_log!K7),citizen_services_records_log!K7, ISBLANK(citizen_services_records_log!K7),"None")} -> None | L7: {=SUBSTITUTE(PROPER(_xlfn.IFS(ISTEXT(citizen_services_records_log!L7),citizen_services_records_log!L7, ISBLANK(citizen_services_records_log!L7),"None")),"Id","ID",1)} -> Under Review | M7: {=IF(citizen_services_records_log!M7 = "Re-opened","Re-opened",PROPER(_xlfn.IFS(ISTEXT(citizen_services_records_log!M7),citizen_services_records_log!M7, ISBLANK(citizen_services_records_log!M7),"None")))} -> Resolved | N7: {=(_xlfn.IFS(ISTEXT(citizen_services_records_log!N7),citizen_services_records_log!N7,ISBLANK(citizen_services_records_log!N7),"None"))} -> Q094 | O7: {=_xlfn.IFS(ISTEXT(citizen_services_records_log!O7),PROPER(citizen_services_records_log!O7),ISBLANK(citizen_services_records_log!O7),"None")} -> Andries Meyer | P7: =IF(ISBLANK(citizen_services_records_log!P7),"None",IF(ISNUMBER(citizen_services_records_log!P7),citizen_services_records_log!P7,DATE(RIGHT(citizen_services_records_log!P7,4),MID(citizen_services_records_log!P7,4,2),LEFT(citizen_services_records_log!P7,2)))) -> None | Q7: {=SUBSTITUTE(_xlfn.IFS(ISTEXT(citizen_services_records_log!Q7),PROPER(citizen_services_records_log!Q7),ISBLANK(citizen_services_records_log!Q7),"None"),"Id","ID",1)} -> Applicant Is A Minor, Guardian Present And Documented
A8: =IF(ISBLANK(citizen_services_records_log!A8),"None",(CONCATENATE(UPPER(_xlfn.TEXTBEFORE(SUBSTITUTE(citizen_services_records_log!A8, "-", ""), {"0","1","2","3","4","5","6","7","8","9"}, 1)),"-",RIGHT(citizen_services_records_log!A8,6)))) -> MUN-000968 | B8: =IF(ISBLANK(citizen_services_records_log!B8),"None",IF(ISNUMBER(citizen_services_records_log!B8),citizen_services_records_log!B8,DATE(RIGHT(citizen_services_records_log!B8,4),MID(citizen_services_records_log!B8,4,2),LEFT(citizen_services_records_log!B8,2)))) -> 46198 | C8: =IF(citizen_services_records_log!C8 = "SASSA Grant Status Enquiry","SASSA - Grant Status Enquiry",IF(citizen_services_records_log!C8 = "SASSA Grant Application", "SASSA - Grant Application", IF(citizen_services_records_log!C8=0,"None", citizen_services_records_log!C8))) -> Municipal - Account Query | D8: {=_xlfn.IFS(ISTEXT(citizen_services_records_log!D8),PROPER(citizen_services_records_log!D8),ISBLANK(citizen_services_records_log!D8),"None")} -> Vereeniging Home Affairs | E8: {=_xlfn.IFS(ISTEXT(citizen_services_records_log!E8),PROPER(citizen_services_records_log!E8),ISBLANK(citizen_services_records_log!E8),"None")} -> Sipho Mokgadi | F8: {=_xlfn.IFS(ISBLANK(citizen_services_records_log!F8),"None", TYPE(citizen_services_records_log!F8)=1,citizen_services_records_log!F8,citizen_services_records_log!F8="ID NOT PROVIDED","ID not provided" )} -> 207000000000 | G8: =IF(ISBLANK(citizen_services_records_log!G8),"None",IF(ISNUMBER(citizen_services_records_log!G8),citizen_services_records_log!G8,DATE(RIGHT(citizen_services_records_log!G8,4),MID(citizen_services_records_log!G8,4,2),LEFT(citizen_services_records_log!G8,2)))) -> 37454 | H8: {=_xlfn.IFS(citizen_services_records_log!H8="M", "Male", citizen_services_records_log!H8 = "F", "Female", citizen_services_records_log!H8="male", "Male", citizen_services_records_log!H8="female","Female", ISBLANK(citizen_services_records_log!H8),"None", citizen_services_records_log!H8 = "Female", "Female", citizen_services_records_log!H8="Male","Male")} -> Female | I8: =IF(OR(ISBLANK(citizen_services_records_log!I8),UPPER(TRIM(citizen_services_records_log!I8))="N/A"),"None",_xlfn.LET(_xlpm.d,RIGHT(SUBSTITUTE(SUBSTITUTE(SUBSTITUTE(SUBSTITUTE(citizen_services_records_log!I8," ",""),"-",""),"(",""),")",""),9),"0"&LEFT(_xlpm.d,2)&" "&MID(_xlpm.d,3,3)&" "&RIGHT(_xlpm.d,4))) -> 073 333 3031 | J8: {=_xlfn.IFS(ISTEXT(citizen_services_records_log!J8),citizen_services_records_log!J8,ISBLANK(citizen_services_records_log!J8),"None")} -> Ward 11 | K8: {=_xlfn.IFS(ISTEXT(citizen_services_records_log!K8),citizen_services_records_log!K8, ISBLANK(citizen_services_records_log!K8),"None")} -> None | L8: {=SUBSTITUTE(PROPER(_xlfn.IFS(ISTEXT(citizen_services_records_log!L8),citizen_services_records_log!L8, ISBLANK(citizen_services_records_log!L8),"None")),"Id","ID",1)} -> Complete | M8: {=IF(citizen_services_records_log!M8 = "Re-opened","Re-opened",PROPER(_xlfn.IFS(ISTEXT(citizen_services_records_log!M8),citizen_services_records_log!M8, ISBLANK(citizen_services_records_log!M8),"None")))} -> Captured | N8: {=(_xlfn.IFS(ISTEXT(citizen_services_records_log!N8),citizen_services_records_log!N8,ISBLANK(citizen_services_records_log!N8),"None"))} -> Q186 | O8: {=_xlfn.IFS(ISTEXT(citizen_services_records_log!O8),PROPER(citizen_services_records_log!O8),ISBLANK(citizen_services_records_log!O8),"None")} -> Andries Mahlangu | P8: =IF(ISBLANK(citizen_services_records_log!P8),"None",IF(ISNUMBER(citizen_services_records_log!P8),citizen_services_records_log!P8,DATE(RIGHT(citizen_services_records_log!P8,4),MID(citizen_services_records_log!P8,4,2),LEFT(citizen_services_records_log!P8,2)))) -> None | Q8: {=SUBSTITUTE(_xlfn.IFS(ISTEXT(citizen_services_records_log!Q8),PROPER(citizen_services_records_log!Q8),ISBLANK(citizen_services_records_log!Q8),"None"),"Id","ID",1)} -> Home Affairs System Down For Maintenance During Visit
A9: =IF(ISBLANK(citizen_services_records_log!A9),"None",(CONCATENATE(UPPER(_xlfn.TEXTBEFORE(SUBSTITUTE(citizen_services_records_log!A9, "-", ""), {"0","1","2","3","4","5","6","7","8","9"}, 1)),"-",RIGHT(citizen_services_records_log!A9,6)))) -> MUN-000202 | B9: =IF(ISBLANK(citizen_services_records_log!B9),"None",IF(ISNUMBER(citizen_services_records_log!B9),citizen_services_records_log!B9,DATE(RIGHT(citizen_services_records_log!B9,4),MID(citizen_services_records_log!B9,4,2),LEFT(citizen_services_records_log!B9,2)))) -> 46297 | C9: =IF(citizen_services_records_log!C9 = "SASSA Grant Status Enquiry","SASSA - Grant Status Enquiry",IF(citizen_services_records_log!C9 = "SASSA Grant Application", "SASSA - Grant Application", IF(citizen_services_records_log!C9=0,"None", citizen_services_records_log!C9))) -> Municipal - Account Query | D9: {=_xlfn.IFS(ISTEXT(citizen_services_records_log!D9),PROPER(citizen_services_records_log!D9),ISBLANK(citizen_services_records_log!D9),"None")} -> Meyerton Municipal Office | E9: {=_xlfn.IFS(ISTEXT(citizen_services_records_log!E9),PROPER(citizen_services_records_log!E9),ISBLANK(citizen_services_records_log!E9),"None")} -> Tumelo Ndlovu | F9: {=_xlfn.IFS(ISBLANK(citizen_services_records_log!F9),"None", TYPE(citizen_services_records_log!F9)=1,citizen_services_records_log!F9,citizen_services_records_log!F9="ID NOT PROVIDED","ID not provided" )} -> 203000000000 | G9: =IF(ISBLANK(citizen_services_records_log!G9),"None",IF(ISNUMBER(citizen_services_records_log!G9),citizen_services_records_log!G9,DATE(RIGHT(citizen_services_records_log!G9,4),MID(citizen_services_records_log!G9,4,2),LEFT(citizen_services_records_log!G9,2)))) -> 37343 | H9: {=_xlfn.IFS(citizen_services_records_log!H9="M", "Male", citizen_services_records_log!H9 = "F", "Female", citizen_services_records_log!H9="male", "Male", citizen_services_records_log!H9="female","Female", ISBLANK(citizen_services_records_log!H9),"None", citizen_services_records_log!H9 = "Female", "Female", citizen_services_records_log!H9="Male","Male")} -> Female | I9: =IF(OR(ISBLANK(citizen_services_records_log!I9),UPPER(TRIM(citizen_services_records_log!I9))="N/A"),"None",_xlfn.LET(_xlpm.d,RIGHT(SUBSTITUTE(SUBSTITUTE(SUBSTITUTE(SUBSTITUTE(citizen_services_records_log!I9," ",""),"-",""),"(",""),")",""),9),"0"&LEFT(_xlpm.d,2)&" "&MID(_xlpm.d,3,3)&" "&RIGHT(_xlpm.d,4))) -> 074 547 7794 | J9: {=_xlfn.IFS(ISTEXT(citizen_services_records_log!J9),citizen_services_records_log!J9,ISBLANK(citizen_services_records_log!J9),"None")} -> Ward 16 | K9: {=_xlfn.IFS(ISTEXT(citizen_services_records_log!K9),citizen_services_records_log!K9, ISBLANK(citizen_services_records_log!K9),"None")} -> None | L9: {=SUBSTITUTE(PROPER(_xlfn.IFS(ISTEXT(citizen_services_records_log!L9),citizen_services_records_log!L9, ISBLANK(citizen_services_records_log!L9),"None")),"Id","ID",1)} -> Pending Verification | M9: {=IF(citizen_services_records_log!M9 = "Re-opened","Re-opened",PROPER(_xlfn.IFS(ISTEXT(citizen_services_records_log!M9),citizen_services_records_log!M9, ISBLANK(citizen_services_records_log!M9),"None")))} -> Awaiting Documents | N9: {=(_xlfn.IFS(ISTEXT(citizen_services_records_log!N9),citizen_services_records_log!N9,ISBLANK(citizen_services_records_log!N9),"None"))} -> Q096 | O9: {=_xlfn.IFS(ISTEXT(citizen_services_records_log!O9),PROPER(citizen_services_records_log!O9),ISBLANK(citizen_services_records_log!O9),"None")} -> Werner Nel | P9: =IF(ISBLANK(citizen_services_records_log!P9),"None",IF(ISNUMBER(citizen_services_records_log!P9),citizen_services_records_log!P9,DATE(RIGHT(citizen_services_records_log!P9,4),MID(citizen_services_records_log!P9,4,2),LEFT(citizen_services_records_log!P9,2)))) -> 46077 | Q9: {=SUBSTITUTE(_xlfn.IFS(ISTEXT(citizen_services_records_log!Q9),PROPER(citizen_services_records_log!Q9),ISBLANK(citizen_services_records_log!Q9),"None"),"Id","ID",1)} -> None
A10: =IF(ISBLANK(citizen_services_records_log!A10),"None",(CONCATENATE(UPPER(_xlfn.TEXTBEFORE(SUBSTITUTE(citizen_services_records_log!A10, "-", ""), {"0","1","2","3","4","5","6","7","8","9"}, 1)),"-",RIGHT(citizen_services_records_log!A10,6)))) -> DHA-000061 | B10: =IF(ISBLANK(citizen_services_records_log!B10),"None",IF(ISNUMBER(citizen_services_records_log!B10),citizen_services_records_log!B10,DATE(RIGHT(citizen_services_records_log!B10,4),MID(citizen_services_records_log!B10,4,2),LEFT(citizen_services_records_log!B10,2)))) -> 46051 | C10: =IF(citizen_services_records_log!C10 = "SASSA Grant Status Enquiry","SASSA - Grant Status Enquiry",IF(citizen_services_records_log!C10 = "SASSA Grant Application", "SASSA - Grant Application", IF(citizen_services_records_log!C10=0,"None", citizen_services_records_log!C10))) -> Home Affairs - Passport Application | D10: {=_xlfn.IFS(ISTEXT(citizen_services_records_log!D10),PROPER(citizen_services_records_log!D10),ISBLANK(citizen_services_records_log!D10),"None")} -> Three Rivers Clinic | E10: {=_xlfn.IFS(ISTEXT(citizen_services_records_log!E10),PROPER(citizen_services_records_log!E10),ISBLANK(citizen_services_records_log!E10),"None")} -> Nomvula Sithole | F10: {=_xlfn.IFS(ISBLANK(citizen_services_records_log!F10),"None", TYPE(citizen_services_records_log!F10)=1,citizen_services_records_log!F10,citizen_services_records_log!F10="ID NOT PROVIDED","ID not provided" )} -> 7610000000000 | G10: =IF(ISBLANK(citizen_services_records_log!G10),"None",IF(ISNUMBER(citizen_services_records_log!G10),citizen_services_records_log!G10,DATE(RIGHT(citizen_services_records_log!G10,4),MID(citizen_services_records_log!G10,4,2),LEFT(citizen_services_records_log!G10,2)))) -> None | H10: {=_xlfn.IFS(citizen_services_records_log!H10="M", "Male", citizen_services_records_log!H10 = "F", "Female", citizen_services_records_log!H10="male", "Male", citizen_services_records_log!H10="female","Female", ISBLANK(citizen_services_records_log!H10),"None", citizen_services_records_log!H10 = "Female", "Female", citizen_services_records_log!H10="Male","Male")} -> Female | I10: =IF(OR(ISBLANK(citizen_services_records_log!I10),UPPER(TRIM(citizen_services_records_log!I10))="N/A"),"None",_xlfn.LET(_xlpm.d,RIGHT(SUBSTITUTE(SUBSTITUTE(SUBSTITUTE(SUBSTITUTE(citizen_services_records_log!I10," ",""),"-",""),"(",""),")",""),9),"0"&LEFT(_xlpm.d,2)&" "&MID(_xlpm.d,3,3)&" "&RIGHT(_xlpm.d,4))) -> 075 551 5861 | J10: {=_xlfn.IFS(ISTEXT(citizen_services_records_log!J10),citizen_services_records_log!J10,ISBLANK(citizen_services_records_log!J10),"None")} -> Ward 12 | K10: {=_xlfn.IFS(ISTEXT(citizen_services_records_log!K10),citizen_services_records_log!K10, ISBLANK(citizen_services_records_log!K10),"None")} -> None | L10: {=SUBSTITUTE(PROPER(_xlfn.IFS(ISTEXT(citizen_services_records_log!L10),citizen_services_records_log!L10, ISBLANK(citizen_services_records_log!L10),"None")),"Id","ID",1)} -> Incomplete - Missing Proof Of Residence | M10: {=IF(citizen_services_records_log!M10 = "Re-opened","Re-opened",PROPER(_xlfn.IFS(ISTEXT(citizen_services_records_log!M10),citizen_services_records_log!M10, ISBLANK(citizen_services_records_log!M10),"None")))} -> Captured | N10: {=(_xlfn.IFS(ISTEXT(citizen_services_records_log!N10),citizen_services_records_log!N10,ISBLANK(citizen_services_records_log!N10),"None"))} -> Q011 | O10: {=_xlfn.IFS(ISTEXT(citizen_services_records_log!O10),PROPER(citizen_services_records_log!O10),ISBLANK(citizen_services_records_log!O10),"None")} -> Chris Khumalo | P10: =IF(ISBLANK(citizen_services_records_log!P10),"None",IF(ISNUMBER(citizen_services_records_log!P10),citizen_services_records_log!P10,DATE(RIGHT(citizen_services_records_log!P10,4),MID(citizen_services_records_log!P10,4,2),LEFT(citizen_services_records_log!P10,2)))) -> 46075 | Q10: {=SUBSTITUTE(_xlfn.IFS(ISTEXT(citizen_services_records_log!Q10),PROPER(citizen_services_records_log!Q10),ISBLANK(citizen_services_records_log!Q10),"None"),"Id","ID",1)} -> Incorrect ID Number Provided Initially, Corrected
A11: =IF(ISBLANK(citizen_services_records_log!A11),"None",(CONCATENATE(UPPER(_xlfn.TEXTBEFORE(SUBSTITUTE(citizen_services_records_log!A11, "-", ""), {"0","1","2","3","4","5","6","7","8","9"}, 1)),"-",RIGHT(citizen_services_records_log!A11,6)))) -> CLN-000452 | B11: =IF(ISBLANK(citizen_services_records_log!B11),"None",IF(ISNUMBER(citizen_services_records_log!B11),citizen_services_records_log!B11,DATE(RIGHT(citizen_services_records_log!B11,4),MID(citizen_services_records_log!B11,4,2),LEFT(citizen_services_records_log!B11,2)))) -> 46084 | C11: =IF(citizen_services_records_log!C11 = "SASSA Grant Status Enquiry","SASSA - Grant Status Enquiry",IF(citizen_services_records_log!C11 = "SASSA Grant Application", "SASSA - Grant Application", IF(citizen_services_records_log!C11=0,"None", citizen_services_records_log!C11))) -> Clinic - General Consultation | D11: {=_xlfn.IFS(ISTEXT(citizen_services_records_log!D11),PROPER(citizen_services_records_log!D11),ISBLANK(citizen_services_records_log!D11),"None")} -> Vanderbijlpark Home Affairs | E11: {=_xlfn.IFS(ISTEXT(citizen_services_records_log!E11),PROPER(citizen_services_records_log!E11),ISBLANK(citizen_services_records_log!E11),"None")} -> Nomvula Khumalo | F11: {=_xlfn.IFS(ISBLANK(citizen_services_records_log!F11),"None", TYPE(citizen_services_records_log!F11)=1,citizen_services_records_log!F11,citizen_services_records_log!F11="ID NOT PROVIDED","ID not provided" )} -> 4800000000000 | G11: =IF(ISBLANK(citizen_services_records_log!G11),"None",IF(ISNUMBER(citizen_services_records_log!G11),citizen_services_records_log!G11,DATE(RIGHT(citizen_services_records_log!G11,4),MID(citizen_services_records_log!G11,4,2),LEFT(citizen_services_records_log!G11,2)))) -> None | H11: {=_xlfn.IFS(citizen_services_records_log!H11="M", "Male", citizen_services_records_log!H11 = "F", "Female", citizen_services_records_log!H11="male", "Male", citizen_services_records_log!H11="female","Female", ISBLANK(citizen_services_records_log!H11),"None", citizen_services_records_log!H11 = "Female", "Female", citizen_services_records_log!H11="Male","Male")} -> Female | I11: =IF(OR(ISBLANK(citizen_services_records_log!I11),UPPER(TRIM(citizen_services_records_log!I11))="N/A"),"None",_xlfn.LET(_xlpm.d,RIGHT(SUBSTITUTE(SUBSTITUTE(SUBSTITUTE(SUBSTITUTE(citizen_services_records_log!I11," ",""),"-",""),"(",""),")",""),9),"0"&LEFT(_xlpm.d,2)&" "&MID(_xlpm.d,3,3)&" "&RIGHT(_xlpm.d,4))) -> 067 995 6360 | J11: {=_xlfn.IFS(ISTEXT(citizen_services_records_log!J11),citizen_services_records_log!J11,ISBLANK(citizen_services_records_log!J11),"None")} -> Ward 3 (Informal Settlement) | K11: {=_xlfn.IFS(ISTEXT(citizen_services_records_log!K11),citizen_services_records_log!K11, ISBLANK(citizen_services_records_log!K11),"None")} -> None | L11: {=SUBSTITUTE(PROPER(_xlfn.IFS(ISTEXT(citizen_services_records_log!L11),citizen_services_records_log!L11, ISBLANK(citizen_services_records_log!L11),"None")),"Id","ID",1)} -> Complete | M11: {=IF(citizen_services_records_log!M11 = "Re-opened","Re-opened",PROPER(_xlfn.IFS(ISTEXT(citizen_services_records_log!M11),citizen_services_records_log!M11, ISBLANK(citizen_services_records_log!M11),"None")))} -> Re-opened | N11: {=(_xlfn.IFS(ISTEXT(citizen_services_records_log!N11),citizen_services_records_log!N11,ISBLANK(citizen_services_records_log!N11),"None"))} -> Q040 | O11: {=_xlfn.IFS(ISTEXT(citizen_services_records_log!O11),PROPER(citizen_services_records_log!O11),ISBLANK(citizen_services_records_log!O11),"None")} -> None | P11: =IF(ISBLANK(citizen_services_records_log!P11),"None",IF(ISNUMBER(citizen_services_records_log!P11),citizen_services_records_log!P11,DATE(RIGHT(citizen_services_records_log!P11,4),MID(citizen_services_records_log!P11,4,2),LEFT(citizen_services_records_log!P11,2)))) -> None | Q11: {=SUBSTITUTE(_xlfn.IFS(ISTEXT(citizen_services_records_log!Q11),PROPER(citizen_services_records_log!Q11),ISBLANK(citizen_services_records_log!Q11),"None"),"Id","ID",1)} -> System Offline - Captured Manually, Will Upload Later
A12: =IF(ISBLANK(citizen_services_records_log!A12),"None",(CONCATENATE(UPPER(_xlfn.TEXTBEFORE(SUBSTITUTE(citizen_services_records_log!A12, "-", ""), {"0","1","2","3","4","5","6","7","8","9"}, 1)),"-",RIGHT(citizen_services_records_log!A12,6)))) -> DHA-000449 | B12: =IF(ISBLANK(citizen_services_records_log!B12),"None",IF(ISNUMBER(citizen_services_records_log!B12),citizen_services_records_log!B12,DATE(RIGHT(citizen_services_records_log!B12,4),MID(citizen_services_records_log!B12,4,2),LEFT(citizen_services_records_log!B12,2)))) -> 46000 | C12: =IF(citizen_services_records_log!C12 = "SASSA Grant Status Enquiry","SASSA - Grant Status Enquiry",IF(citizen_services_records_log!C12 = "SASSA Grant Application", "SASSA - Grant Application", IF(citizen_services_records_log!C12=0,"None", citizen_services_records_log!C12))) -> Home Affairs - Death Certificate | D12: {=_xlfn.IFS(ISTEXT(citizen_services_records_log!D12),PROPER(citizen_services_records_log!D12),ISBLANK(citizen_services_records_log!D12),"None")} -> Meyerton Municipal Office | E12: {=_xlfn.IFS(ISTEXT(citizen_services_records_log!E12),PROPER(citizen_services_records_log!E12),ISBLANK(citizen_services_records_log!E12),"None")} -> Zodwa Steyn | F12: {=_xlfn.IFS(ISBLANK(citizen_services_records_log!F12),"None", TYPE(citizen_services_records_log!F12)=1,citizen_services_records_log!F12,citizen_services_records_log!F12="ID NOT PROVIDED","ID not provided" )} -> 4800000000000 | G12: =IF(ISBLANK(citizen_services_records_log!G12),"None",IF(ISNUMBER(citizen_services_records_log!G12),citizen_services_records_log!G12,DATE(RIGHT(citizen_services_records_log!G12,4),MID(citizen_services_records_log!G12,4,2),LEFT(citizen_services_records_log!G12,2)))) -> 17620 | H12: {=_xlfn.IFS(citizen_services_records_log!H12="M", "Male", citizen_services_records_log!H12 = "F", "Female", citizen_services_records_log!H12="male", "Male", citizen_services_records_log!H12="female","Female", ISBLANK(citizen_services_records_log!H12),"None", citizen_services_records_log!H12 = "Female", "Female", citizen_services_records_log!H12="Male","Male")} -> Male | I12: =IF(OR(ISBLANK(citizen_services_records_log!I12),UPPER(TRIM(citizen_services_records_log!I12))="N/A"),"None",_xlfn.LET(_xlpm.d,RIGHT(SUBSTITUTE(SUBSTITUTE(SUBSTITUTE(SUBSTITUTE(citizen_services_records_log!I12," ",""),"-",""),"(",""),")",""),9),"0"&LEFT(_xlpm.d,2)&" "&MID(_xlpm.d,3,3)&" "&RIGHT(_xlpm.d,4))) -> 067 990 1527 | J12: {=_xlfn.IFS(ISTEXT(citizen_services_records_log!J12),citizen_services_records_log!J12,ISBLANK(citizen_services_records_log!J12),"None")} -> Ward 15 | K12: {=_xlfn.IFS(ISTEXT(citizen_services_records_log!K12),citizen_services_records_log!K12, ISBLANK(citizen_services_records_log!K12),"None")} -> None | L12: {=SUBSTITUTE(PROPER(_xlfn.IFS(ISTEXT(citizen_services_records_log!L12),citizen_services_records_log!L12, ISBLANK(citizen_services_records_log!L12),"None")),"Id","ID",1)} -> Awaiting Home Affairs Confirmation | M12: {=IF(citizen_services_records_log!M12 = "Re-opened","Re-opened",PROPER(_xlfn.IFS(ISTEXT(citizen_services_records_log!M12),citizen_services_records_log!M12, ISBLANK(citizen_services_records_log!M12),"None")))} -> Re-opened | N12: {=(_xlfn.IFS(ISTEXT(citizen_services_records_log!N12),citizen_services_records_log!N12,ISBLANK(citizen_services_records_log!N12),"None"))} -> Q075 | O12: {=_xlfn.IFS(ISTEXT(citizen_services_records_log!O12),PROPER(citizen_services_records_log!O12),ISBLANK(citizen_services_records_log!O12),"None")} -> Marius Swart | P12: =IF(ISBLANK(citizen_services_records_log!P12),"None",IF(ISNUMBER(citizen_services_records_log!P12),citizen_services_records_log!P12,DATE(RIGHT(citizen_services_records_log!P12,4),MID(citizen_services_records_log!P12,4,2),LEFT(citizen_services_records_log!P12,2)))) -> 46013 | Q12: {=SUBSTITUTE(_xlfn.IFS(ISTEXT(citizen_services_records_log!Q12),PROPER(citizen_services_records_log!Q12),ISBLANK(citizen_services_records_log!Q12),"None"),"Id","ID",1)} -> Biometric Capture Failed, Rescheduled
A13: =IF(ISBLANK(citizen_services_records_log!A13),"None",(CONCATENATE(UPPER(_xlfn.TEXTBEFORE(SUBSTITUTE(citizen_services_records_log!A13, "-", ""), {"0","1","2","3","4","5","6","7","8","9"}, 1)),"-",RIGHT(citizen_services_records_log!A13,6)))) -> MUN-000359 | B13: =IF(ISBLANK(citizen_services_records_log!B13),"None",IF(ISNUMBER(citizen_services_records_log!B13),citizen_services_records_log!B13,DATE(RIGHT(citizen_services_records_log!B13,4),MID(citizen_services_records_log!B13,4,2),LEFT(citizen_services_records_log!B13,2)))) -> 46051 | C13: =IF(citizen_services_records_log!C13 = "SASSA Grant Status Enquiry","SASSA - Grant Status Enquiry",IF(citizen_services_records_log!C13 = "SASSA Grant Application", "SASSA - Grant Application", IF(citizen_services_records_log!C13=0,"None", citizen_services_records_log!C13))) -> Municipal - Account Query | D13: {=_xlfn.IFS(ISTEXT(citizen_services_records_log!D13),PROPER(citizen_services_records_log!D13),ISBLANK(citizen_services_records_log!D13),"None")} -> Emfuleni Municipal Office | E13: {=_xlfn.IFS(ISTEXT(citizen_services_records_log!E13),PROPER(citizen_services_records_log!E13),ISBLANK(citizen_services_records_log!E13),"None")} -> Dorah Nkosi | F13: {=_xlfn.IFS(ISBLANK(citizen_services_records_log!F13),"None", TYPE(citizen_services_records_log!F13)=1,citizen_services_records_log!F13,citizen_services_records_log!F13="ID NOT PROVIDED","ID not provided" )} -> 6210000000000 | G13: =IF(ISBLANK(citizen_services_records_log!G13),"None",IF(ISNUMBER(citizen_services_records_log!G13),citizen_services_records_log!G13,DATE(RIGHT(citizen_services_records_log!G13,4),MID(citizen_services_records_log!G13,4,2),LEFT(citizen_services_records_log!G13,2)))) -> 22834 | H13: {=_xlfn.IFS(citizen_services_records_log!H13="M", "Male", citizen_services_records_log!H13 = "F", "Female", citizen_services_records_log!H13="male", "Male", citizen_services_records_log!H13="female","Female", ISBLANK(citizen_services_records_log!H13),"None", citizen_services_records_log!H13 = "Female", "Female", citizen_services_records_log!H13="Male","Male")} -> Male | I13: =IF(OR(ISBLANK(citizen_services_records_log!I13),UPPER(TRIM(citizen_services_records_log!I13))="N/A"),"None",_xlfn.LET(_xlpm.d,RIGHT(SUBSTITUTE(SUBSTITUTE(SUBSTITUTE(SUBSTITUTE(citizen_services_records_log!I13," ",""),"-",""),"(",""),")",""),9),"0"&LEFT(_xlpm.d,2)&" "&MID(_xlpm.d,3,3)&" "&RIGHT(_xlpm.d,4))) -> 062 165 6883 | J13: {=_xlfn.IFS(ISTEXT(citizen_services_records_log!J13),citizen_services_records_log!J13,ISBLANK(citizen_services_records_log!J13),"None")} -> Ward 23 | K13: {=_xlfn.IFS(ISTEXT(citizen_services_records_log!K13),citizen_services_records_log!K13, ISBLANK(citizen_services_records_log!K13),"None")} -> None | L13: {=SUBSTITUTE(PROPER(_xlfn.IFS(ISTEXT(citizen_services_records_log!L13),citizen_services_records_log!L13, ISBLANK(citizen_services_records_log!L13),"None")),"Id","ID",1)} -> Approved | M13: {=IF(citizen_services_records_log!M13 = "Re-opened","Re-opened",PROPER(_xlfn.IFS(ISTEXT(citizen_services_records_log!M13),citizen_services_records_log!M13, ISBLANK(citizen_services_records_log!M13),"None")))} -> Awaiting Documents | N13: {=(_xlfn.IFS(ISTEXT(citizen_services_records_log!N13),citizen_services_records_log!N13,ISBLANK(citizen_services_records_log!N13),"None"))} -> Q029 | O13: {=_xlfn.IFS(ISTEXT(citizen_services_records_log!O13),PROPER(citizen_services_records_log!O13),ISBLANK(citizen_services_records_log!O13),"None")} -> Marius Sithole | P13: =IF(ISBLANK(citizen_services_records_log!P13),"None",IF(ISNUMBER(citizen_services_records_log!P13),citizen_services_records_log!P13,DATE(RIGHT(citizen_services_records_log!P13,4),MID(citizen_services_records_log!P13,4,2),LEFT(citizen_services_records_log!P13,2)))) -> None | Q13: {=SUBSTITUTE(_xlfn.IFS(ISTEXT(citizen_services_records_log!Q13),PROPER(citizen_services_records_log!Q13),ISBLANK(citizen_services_records_log!Q13),"None"),"Id","ID",1)} -> Applicant Referred To Social Worker
... A1080: =IF(ISBLANK(citizen_services_records_log!A1080),"None",(CONCATENATE(UPPER(_xlfn.TEXTBEFORE(SUBSTITUTE(citizen_services_records_log!A1080, "-", ""), {"0","1","2","3","4","5","6","7","8","9"}, 1)),"-",RIGHT(citizen_services_records_log!A1080,6)))) -> DHA-000868 | B1080: =IF(ISBLANK(citizen_services_records_log!B1080),"None",IF(ISNUMBER(citizen_services_records_log!B1080),citizen_services_records_log!B1080,DATE(RIGHT(citizen_services_records_log!B1080,4),MID(citizen_services_records_log!B1080,4,2),LEFT(citizen_services_records_log!B1080,2)))) -> 46018 | C1080: =IF(citizen_services_records_log!C1080 = "SASSA Grant Status Enquiry","SASSA - Grant Status Enquiry",IF(citizen_services_records_log!C1080 = "SASSA Grant Application", "SASSA - Grant Application", IF(citizen_services_records_log!C1080=0,"None", citizen_services_records_log!C1080))) -> Home Affairs - Birth Certificate | D1080: {=_xlfn.IFS(ISTEXT(citizen_services_records_log!D1080),PROPER(citizen_services_records_log!D1080),ISBLANK(citizen_services_records_log!D1080),"None")} -> Vereeniging Home Affairs | E1080: {=_xlfn.IFS(ISTEXT(citizen_services_records_log!E1080),PROPER(citizen_services_records_log!E1080),ISBLANK(citizen_services_records_log!E1080),"None")} -> None | F1080: {=_xlfn.IFS(ISBLANK(citizen_services_records_log!F1080),"None", TYPE(citizen_services_records_log!F1080)=1,citizen_services_records_log!F1080,citizen_services_records_log!F1080="ID NOT PROVIDED","ID not provided" )} -> 9210000000000 | G1080: =IF(ISBLANK(citizen_services_records_log!G1080),"None",IF(ISNUMBER(citizen_services_records_log!G1080),citizen_services_records_log!G1080,DATE(RIGHT(citizen_services_records_log!G1080,4),MID(citizen_services_records_log!G1080,4,2),LEFT(citizen_services_records_log!G1080,2)))) -> 33770 | H1080: {=_xlfn.IFS(citizen_services_records_log!H1080="M", "Male", citizen_services_records_log!H1080 = "F", "Female", citizen_services_records_log!H1080="male", "Male", citizen_services_records_log!H1080="female","Female", ISBLANK(citizen_services_records_log!H1080),"None", citizen_services_records_log!H1080 = "Female", "Female", citizen_services_records_log!H1080="Male","Male")} -> Male | I1080: =IF(OR(ISBLANK(citizen_services_records_log!I1080),UPPER(TRIM(citizen_services_records_log!I1080))="N/A"),"None",_xlfn.LET(_xlpm.d,RIGHT(SUBSTITUTE(SUBSTITUTE(SUBSTITUTE(SUBSTITUTE(citizen_services_records_log!I1080," ",""),"-",""),"(",""),")",""),9),"0"&LEFT(_xlpm.d,2)&" "&MID(_xlpm.d,3,3)&" "&RIGHT(_xlpm.d,4))) -> None | J1080: {=_xlfn.IFS(ISTEXT(citizen_services_records_log!J1080),citizen_services_records_log!J1080,ISBLANK(citizen_services_records_log!J1080),"None")} -> Ward 3 | K1080: {=_xlfn.IFS(ISTEXT(citizen_services_records_log!K1080),citizen_services_records_log!K1080, ISBLANK(citizen_services_records_log!K1080),"None")} -> None | L1080: {=SUBSTITUTE(PROPER(_xlfn.IFS(ISTEXT(citizen_services_records_log!L1080),citizen_services_records_log!L1080, ISBLANK(citizen_services_records_log!L1080),"None")),"Id","ID",1)} -> Approved | M1080: {=IF(citizen_services_records_log!M1080 = "Re-opened","Re-opened",PROPER(_xlfn.IFS(ISTEXT(citizen_services_records_log!M1080),citizen_services_records_log!M1080, ISBLANK(citizen_services_records_log!M1080),"None")))} -> None | N1080: {=(_xlfn.IFS(ISTEXT(citizen_services_records_log!N1080),citizen_services_records_log!N1080,ISBLANK(citizen_services_records_log!N1080),"None"))} -> Q045 | O1080: {=_xlfn.IFS(ISTEXT(citizen_services_records_log!O1080),PROPER(citizen_services_records_log!O1080),ISBLANK(citizen_services_records_log!O1080),"None")} -> Busisiwe Swart | P1080: =IF(ISBLANK(citizen_services_records_log!P1080),"None",IF(ISNUMBER(citizen_services_records_log!P1080),citizen_services_records_log!P1080,DATE(RIGHT(citizen_services_records_log!P1080,4),MID(citizen_services_records_log!P1080,4,2),LEFT(citizen_services_records_log!P1080,2)))) -> None | Q1080: {=SUBSTITUTE(_xlfn.IFS(ISTEXT(citizen_services_records_log!Q1080),PROPER(citizen_services_records_log!Q1080),ISBLANK(citizen_services_records_log!Q1080),"None"),"Id","ID",1)} -> Client To Return With Proof Of Residence

Sheet Enriched Data
A1: ='Cleaned Data'!A1 -> Case Reference | B1: ='Cleaned Data'!B1 -> Date Captured | C1: Day | D1: Month | E1: Year | F1: Department | G1: ='Cleaned Data'!C1 -> Service Type | H1: Service | I1: Location | J1: ='Cleaned Data'!D1 -> Branch/Office | K1: ='Cleaned Data'!E1 -> Applicant Full Name | L1: ='Cleaned Data'!F1 -> ID Number | M1: ='Cleaned Data'!G1 -> Date of Birth | N1: ='Cleaned Data'!H1 -> Gender | O1: ='Cleaned Data'!I1 -> Contact Number | P1: ='Cleaned Data'!J1 -> Ward/Area | Q1: Ward Type | R1: ='Cleaned Data'!K1 -> Grant Type | S1: ='Cleaned Data'!L1 -> Document Status | T1: ='Cleaned Data'!M1 -> Processing Status | U1: ='Cleaned Data'!N1 -> Queue/Ticket Number | V1: ='Cleaned Data'!O1 -> Capturing Official | W1: ='Cleaned Data'!P1 -> Follow-Up Date | X1: ='Cleaned Data'!Q1 -> Notes
A2: ='Cleaned Data'!A2 -> SASSA-000796 | B2: ='Cleaned Data'!B2 -> 46156 | C2: =IF(B2="None","None",DAY(B2)) -> 14 | D2: =IF(B2="None","None",MONTH(B2)) -> 5 | E2: =IF(B2="None","None",YEAR(B2)) -> 2026 | F2: =IF(ISNUMBER(FIND("-",G2))=TRUE,LEFT(G2,FIND("-",G2)-2),IF(ISNUMBER(FIND(" ",G2))=TRUE,LEFT(G2,FIND(" ",G2)-1),IF(G2="None","None"))) -> SASSA | G2: ='Cleaned Data'!C2 -> SASSA - Grant Application | H2: =IF(G2="None","None",RIGHT(G2,LEN(G2)-FIND("-",G2,1))) -> Grant Application | I2: =IF(J2="None","None",TRIM(SUBSTITUTE(SUBSTITUTE(SUBSTITUTE(SUBSTITUTE(J2,"Clinic","",1),"Home Affairs","",1),"Sassa Office","",1),"Municipal Office","",1))) -> Sharpeville | J2: ='Cleaned Data'!D2 -> Sharpeville Clinic | K2: ='Cleaned Data'!E2 -> Nomvula Fourie | L2: ='Cleaned Data'!F2 -> 8500000000000 | M2: ='Cleaned Data'!G2 -> 31160 | N2: ='Cleaned Data'!H2 -> Male | O2: ='Cleaned Data'!I2 -> 072 291 3562 | P2: ='Cleaned Data'!J2 -> Ward 20 | Q2: =IF(ISNUMBER(FIND("Informal Settlement",P2,1)),"Informal Settlement","Formal Settlement") -> Formal Settlement | R2: ='Cleaned Data'!K2 -> Older Person's Grant | S2: ='Cleaned Data'!L2 -> Pending Verification | T2: ='Cleaned Data'!M2 -> Resolved | U2: ='Cleaned Data'!N2 -> Q137 | V2: ='Cleaned Data'!O2 -> Werner Meyer | W2: ='Cleaned Data'!P2 -> 46175 | X2: ='Cleaned Data'!Q2 -> System Offline - Captured Manually, Will Upload Later
A3: ='Cleaned Data'!A3 -> DHA-001034 | B3: ='Cleaned Data'!B3 -> 46127 | C3: =IF(B3="None","None",DAY(B3)) -> 15 | D3: =IF(B3="None","None",MONTH(B3)) -> 4 | E3: =IF(B3="None","None",YEAR(B3)) -> 2026 | F3: =IF(ISNUMBER(FIND("-",G3))=TRUE,LEFT(G3,FIND("-",G3)-2),IF(ISNUMBER(FIND(" ",G3))=TRUE,LEFT(G3,FIND(" ",G3)-1),IF(G3="None","None"))) -> Home Affairs | G3: ='Cleaned Data'!C3 -> Home Affairs - Passport Application | H3: =IF(G3="None","None",RIGHT(G3,LEN(G3)-FIND("-",G3,1))) -> Passport Application | I3: =IF(J3="None","None",TRIM(SUBSTITUTE(SUBSTITUTE(SUBSTITUTE(SUBSTITUTE(J3,"Clinic","",1),"Home Affairs","",1),"Sassa Office","",1),"Municipal Office","",1))) -> Vanderbijlpark | J3: ='Cleaned Data'!D3 -> Vanderbijlpark Home Affairs | K3: ='Cleaned Data'!E3 -> Marie Van Der Merwe | L3: ='Cleaned Data'!F3 -> 7910000000000 | M3: ='Cleaned Data'!G3 -> 29118 | N3: ='Cleaned Data'!H3 -> Male | O3: ='Cleaned Data'!I3 -> 067 773 4000 | P3: ='Cleaned Data'!J3 -> Ward 18 | Q3: =IF(ISNUMBER(FIND("Informal Settlement",P3,1)),"Informal Settlement","Formal Settlement") -> Formal Settlement | R3: ='Cleaned Data'!K3 -> None | S3: ='Cleaned Data'!L3 -> Under Review | T3: ='Cleaned Data'!M3 -> Captured | U3: ='Cleaned Data'!N3 -> Q008 | V3: ='Cleaned Data'!O3 -> Lerato Mahlangu | W3: ='Cleaned Data'!P3 -> None | X3: ='Cleaned Data'!Q3 -> Grant Payment Query - Referred To Sassa Call Centre
A4: ='Cleaned Data'!A4 -> MUN-000761 | B4: ='Cleaned Data'!B4 -> 46281 | C4: =IF(B4="None","None",DAY(B4)) -> 16 | D4: =IF(B4="None","None",MONTH(B4)) -> 9 | E4: =IF(B4="None","None",YEAR(B4)) -> 2026 | F4: =IF(ISNUMBER(FIND("-",G4))=TRUE,LEFT(G4,FIND("-",G4)-2),IF(ISNUMBER(FIND(" ",G4))=TRUE,LEFT(G4,FIND(" ",G4)-1),IF(G4="None","None"))) -> Municipal | G4: ='Cleaned Data'!C4 -> Municipal - Service Request | H4: =IF(G4="None","None",RIGHT(G4,LEN(G4)-FIND("-",G4,1))) -> Service Request | I4: =IF(J4="None","None",TRIM(SUBSTITUTE(SUBSTITUTE(SUBSTITUTE(SUBSTITUTE(J4,"Clinic","",1),"Home Affairs","",1),"Sassa Office","",1),"Municipal Office","",1))) -> Vanderbijlpark | J4: ='Cleaned Data'!D4 -> Vanderbijlpark Home Affairs | K4: ='Cleaned Data'!E4 -> Nomvula Pretorius | L4: ='Cleaned Data'!F4 -> None | M4: ='Cleaned Data'!G4 -> 30487 | N4: ='Cleaned Data'!H4 -> Female | O4: ='Cleaned Data'!I4 -> 081 175 7562 | P4: ='Cleaned Data'!J4 -> Ward 7 | Q4: =IF(ISNUMBER(FIND("Informal Settlement",P4,1)),"Informal Settlement","Formal Settlement") -> Formal Settlement | R4: ='Cleaned Data'!K4 -> None | S4: ='Cleaned Data'!L4 -> None | T4: ='Cleaned Data'!M4 -> Closed | U4: ='Cleaned Data'!N4 -> Q055 | V4: ='Cleaned Data'!O4 -> Refilwe Khumalo | W4: ='Cleaned Data'!P4 -> None | X4: ='Cleaned Data'!Q4 -> None
A5: ='Cleaned Data'!A5 -> DHA-000959 | B5: ='Cleaned Data'!B5 -> 46234 | C5: =IF(B5="None","None",DAY(B5)) -> 31 | D5: =IF(B5="None","None",MONTH(B5)) -> 7 | E5: =IF(B5="None","None",YEAR(B5)) -> 2026 | F5: =IF(ISNUMBER(FIND("-",G5))=TRUE,LEFT(G5,FIND("-",G5)-2),IF(ISNUMBER(FIND(" ",G5))=TRUE,LEFT(G5,FIND(" ",G5)-1),IF(G5="None","None"))) -> Home Affairs | G5: ='Cleaned Data'!C5 -> Home Affairs - Birth Certificate | H5: =IF(G5="None","None",RIGHT(G5,LEN(G5)-FIND("-",G5,1))) -> Birth Certificate | I5: =IF(J5="None","None",TRIM(SUBSTITUTE(SUBSTITUTE(SUBSTITUTE(SUBSTITUTE(J5,"Clinic","",1),"Home Affairs","",1),"Sassa Office","",1),"Municipal Office","",1))) -> Emfuleni | J5: ='Cleaned Data'!D5 -> Emfuleni Municipal Office | K5: ='Cleaned Data'!E5 -> Marie Mokgadi | L5: ='Cleaned Data'!F5 -> None | M5: ='Cleaned Data'!G5 -> None | N5: ='Cleaned Data'!H5 -> Male | O5: ='Cleaned Data'!I5 -> 075 123 0616 | P5: ='Cleaned Data'!J5 -> Ward 6 | Q5: =IF(ISNUMBER(FIND("Informal Settlement",P5,1)),"Informal Settlement","Formal Settlement") -> Formal Settlement | R5: ='Cleaned Data'!K5 -> None | S5: ='Cleaned Data'!L5 -> Complete | T5: ='Cleaned Data'!M5 -> Awaiting Documents | U5: ='Cleaned Data'!N5 -> Q244 | V5: ='Cleaned Data'!O5 -> Refilwe Nel | W5: ='Cleaned Data'!P5 -> None | X5: ='Cleaned Data'!Q5 -> None
A6: ='Cleaned Data'!A6 -> SASSA-000603 | B6: ='Cleaned Data'!B6 -> 46093 | C6: =IF(B6="None","None",DAY(B6)) -> 12 | D6: =IF(B6="None","None",MONTH(B6)) -> 3 | E6: =IF(B6="None","None",YEAR(B6)) -> 2026 | F6: =IF(ISNUMBER(FIND("-",G6))=TRUE,LEFT(G6,FIND("-",G6)-2),IF(ISNUMBER(FIND(" ",G6))=TRUE,LEFT(G6,FIND(" ",G6)-1),IF(G6="None","None"))) -> SASSA | G6: ='Cleaned Data'!C6 -> SASSA - Grant Application | H6: =IF(G6="None","None",RIGHT(G6,LEN(G6)-FIND("-",G6,1))) -> Grant Application | I6: =IF(J6="None","None",TRIM(SUBSTITUTE(SUBSTITUTE(SUBSTITUTE(SUBSTITUTE(J6,"Clinic","",1),"Home Affairs","",1),"Sassa Office","",1),"Municipal Office","",1))) -> Emfuleni | J6: ='Cleaned Data'!D6 -> Emfuleni Municipal Office | K6: ='Cleaned Data'!E6 -> Grace Steyn | L6: ='Cleaned Data'!F6 -> None | M6: ='Cleaned Data'!G6 -> 16512 | N6: ='Cleaned Data'!H6 -> Male | O6: ='Cleaned Data'!I6 -> 076 711 8567 | P6: ='Cleaned Data'!J6 -> Ward 20 | Q6: =IF(ISNUMBER(FIND("Informal Settlement",P6,1)),"Informal Settlement","Formal Settlement") -> Formal Settlement | R6: ='Cleaned Data'!K6 -> Social Relief of Distress (SRD) | S6: ='Cleaned Data'!L6 -> None | T6: ='Cleaned Data'!M6 -> Escalated | U6: ='Cleaned Data'!N6 -> Q211 | V6: ='Cleaned Data'!O6 -> Lerato Nel | W6: ='Cleaned Data'!P6 -> None | X6: ='Cleaned Data'!Q6 -> Urgent Case - Fast-Tracked Per Supervisor Approval
A7: ='Cleaned Data'!A7 -> CLN-000736 | B7: ='Cleaned Data'!B7 -> 46226 | C7: =IF(B7="None","None",DAY(B7)) -> 23 | D7: =IF(B7="None","None",MONTH(B7)) -> 7 | E7: =IF(B7="None","None",YEAR(B7)) -> 2026 | F7: =IF(ISNUMBER(FIND("-",G7))=TRUE,LEFT(G7,FIND("-",G7)-2),IF(ISNUMBER(FIND(" ",G7))=TRUE,LEFT(G7,FIND(" ",G7)-1),IF(G7="None","None"))) -> Clinic | G7: ='Cleaned Data'!C7 -> Clinic - Chronic Medication Collection | H7: =IF(G7="None","None",RIGHT(G7,LEN(G7)-FIND("-",G7,1))) -> Chronic Medication Collection | I7: =IF(J7="None","None",TRIM(SUBSTITUTE(SUBSTITUTE(SUBSTITUTE(SUBSTITUTE(J7,"Clinic","",1),"Home Affairs","",1),"Sassa Office","",1),"Municipal Office","",1))) -> Vanderbijlpark | J7: ='Cleaned Data'!D7 -> Vanderbijlpark Home Affairs | K7: ='Cleaned Data'!E7 -> Dorah Mokoena | L7: ='Cleaned Data'!F7 -> 7110000000000 | M7: ='Cleaned Data'!G7 -> 26004 | N7: ='Cleaned Data'!H7 -> Female | O7: ='Cleaned Data'!I7 -> 081 839 9641 | P7: ='Cleaned Data'!J7 -> Ward 23 | Q7: =IF(ISNUMBER(FIND("Informal Settlement",P7,1)),"Informal Settlement","Formal Settlement") -> Formal Settlement | R7: ='Cleaned Data'!K7 -> None | S7: ='Cleaned Data'!L7 -> Under Review | T7: ='Cleaned Data'!M7 -> Resolved | U7: ='Cleaned Data'!N7 -> Q094 | V7: ='Cleaned Data'!O7 -> Andries Meyer | W7: ='Cleaned Data'!P7 -> None | X7: ='Cleaned Data'!Q7 -> Applicant Is A Minor, Guardian Present And Documented
A8: ='Cleaned Data'!A8 -> MUN-000968 | B8: ='Cleaned Data'!B8 -> 46198 | C8: =IF(B8="None","None",DAY(B8)) -> 25 | D8: =IF(B8="None","None",MONTH(B8)) -> 6 | E8: =IF(B8="None","None",YEAR(B8)) -> 2026 | F8: =IF(ISNUMBER(FIND("-",G8))=TRUE,LEFT(G8,FIND("-",G8)-2),IF(ISNUMBER(FIND(" ",G8))=TRUE,LEFT(G8,FIND(" ",G8)-1),IF(G8="None","None"))) -> Municipal | G8: ='Cleaned Data'!C8 -> Municipal - Account Query | H8: =IF(G8="None","None",RIGHT(G8,LEN(G8)-FIND("-",G8,1))) -> Account Query | I8: =IF(J8="None","None",TRIM(SUBSTITUTE(SUBSTITUTE(SUBSTITUTE(SUBSTITUTE(J8,"Clinic","",1),"Home Affairs","",1),"Sassa Office","",1),"Municipal Office","",1))) -> Vereeniging | J8: ='Cleaned Data'!D8 -> Vereeniging Home Affairs | K8: ='Cleaned Data'!E8 -> Sipho Mokgadi | L8: ='Cleaned Data'!F8 -> 207000000000 | M8: ='Cleaned Data'!G8 -> 37454 | N8: ='Cleaned Data'!H8 -> Female | O8: ='Cleaned Data'!I8 -> 073 333 3031 | P8: ='Cleaned Data'!J8 -> Ward 11 | Q8: =IF(ISNUMBER(FIND("Informal Settlement",P8,1)),"Informal Settlement","Formal Settlement") -> Formal Settlement | R8: ='Cleaned Data'!K8 -> None | S8: ='Cleaned Data'!L8 -> Complete | T8: ='Cleaned Data'!M8 -> Captured | U8: ='Cleaned Data'!N8 -> Q186 | V8: ='Cleaned Data'!O8 -> Andries Mahlangu | W8: ='Cleaned Data'!P8 -> None | X8: ='Cleaned Data'!Q8 -> Home Affairs System Down For Maintenance During Visit
A9: ='Cleaned Data'!A9 -> MUN-000202 | B9: ='Cleaned Data'!B9 -> 46297 | C9: =IF(B9="None","None",DAY(B9)) -> 2 | D9: =IF(B9="None","None",MONTH(B9)) -> 10 | E9: =IF(B9="None","None",YEAR(B9)) -> 2026 | F9: =IF(ISNUMBER(FIND("-",G9))=TRUE,LEFT(G9,FIND("-",G9)-2),IF(ISNUMBER(FIND(" ",G9))=TRUE,LEFT(G9,FIND(" ",G9)-1),IF(G9="None","None"))) -> Municipal | G9: ='Cleaned Data'!C9 -> Municipal - Account Query | H9: =IF(G9="None","None",RIGHT(G9,LEN(G9)-FIND("-",G9,1))) -> Account Query | I9: =IF(J9="None","None",TRIM(SUBSTITUTE(SUBSTITUTE(SUBSTITUTE(SUBSTITUTE(J9,"Clinic","",1),"Home Affairs","",1),"Sassa Office","",1),"Municipal Office","",1))) -> Meyerton | J9: ='Cleaned Data'!D9 -> Meyerton Municipal Office | K9: ='Cleaned Data'!E9 -> Tumelo Ndlovu | L9: ='Cleaned Data'!F9 -> 203000000000 | M9: ='Cleaned Data'!G9 -> 37343 | N9: ='Cleaned Data'!H9 -> Female | O9: ='Cleaned Data'!I9 -> 074 547 7794 | P9: ='Cleaned Data'!J9 -> Ward 16 | Q9: =IF(ISNUMBER(FIND("Informal Settlement",P9,1)),"Informal Settlement","Formal Settlement") -> Formal Settlement | R9: ='Cleaned Data'!K9 -> None | S9: ='Cleaned Data'!L9 -> Pending Verification | T9: ='Cleaned Data'!M9 -> Awaiting Documents | U9: ='Cleaned Data'!N9 -> Q096 | V9: ='Cleaned Data'!O9 -> Werner Nel | W9: ='Cleaned Data'!P9 -> 46077 | X9: ='Cleaned Data'!Q9 -> None
A10: ='Cleaned Data'!A10 -> DHA-000061 | B10: ='Cleaned Data'!B10 -> 46051 | C10: =IF(B10="None","None",DAY(B10)) -> 29 | D10: =IF(B10="None","None",MONTH(B10)) -> 1 | E10: =IF(B10="None","None",YEAR(B10)) -> 2026 | F10: =IF(ISNUMBER(FIND("-",G10))=TRUE,LEFT(G10,FIND("-",G10)-2),IF(ISNUMBER(FIND(" ",G10))=TRUE,LEFT(G10,FIND(" ",G10)-1),IF(G10="None","None"))) -> Home Affairs | G10: ='Cleaned Data'!C10 -> Home Affairs - Passport Application | H10: =IF(G10="None","None",RIGHT(G10,LEN(G10)-FIND("-",G10,1))) -> Passport Application | I10: =IF(J10="None","None",TRIM(SUBSTITUTE(SUBSTITUTE(SUBSTITUTE(SUBSTITUTE(J10,"Clinic","",1),"Home Affairs","",1),"Sassa Office","",1),"Municipal Office","",1))) -> Three Rivers | J10: ='Cleaned Data'!D10 -> Three Rivers Clinic | K10: ='Cleaned Data'!E10 -> Nomvula Sithole | L10: ='Cleaned Data'!F10 -> 7610000000000 | M10: ='Cleaned Data'!G10 -> None | N10: ='Cleaned Data'!H10 -> Female | O10: ='Cleaned Data'!I10 -> 075 551 5861 | P10: ='Cleaned Data'!J10 -> Ward 12 | Q10: =IF(ISNUMBER(FIND("Informal Settlement",P10,1)),"Informal Settlement","Formal Settlement") -> Formal Settlement | R10: ='Cleaned Data'!K10 -> None | S10: ='Cleaned Data'!L10 -> Incomplete - Missing Proof Of Residence | T10: ='Cleaned Data'!M10 -> Captured | U10: ='Cleaned Data'!N10 -> Q011 | V10: ='Cleaned Data'!O10 -> Chris Khumalo | W10: ='Cleaned Data'!P10 -> 46075 | X10: ='Cleaned Data'!Q10 -> Incorrect ID Number Provided Initially, Corrected
A11: ='Cleaned Data'!A11 -> CLN-000452 | B11: ='Cleaned Data'!B11 -> 46084 | C11: =IF(B11="None","None",DAY(B11)) -> 3 | D11: =IF(B11="None","None",MONTH(B11)) -> 3 | E11: =IF(B11="None","None",YEAR(B11)) -> 2026 | F11: =IF(ISNUMBER(FIND("-",G11))=TRUE,LEFT(G11,FIND("-",G11)-2),IF(ISNUMBER(FIND(" ",G11))=TRUE,LEFT(G11,FIND(" ",G11)-1),IF(G11="None","None"))) -> Clinic | G11: ='Cleaned Data'!C11 -> Clinic - General Consultation | H11: =IF(G11="None","None",RIGHT(G11,LEN(G11)-FIND("-",G11,1))) -> General Consultation | I11: =IF(J11="None","None",TRIM(SUBSTITUTE(SUBSTITUTE(SUBSTITUTE(SUBSTITUTE(J11,"Clinic","",1),"Home Affairs","",1),"Sassa Office","",1),"Municipal Office","",1))) -> Vanderbijlpark | J11: ='Cleaned Data'!D11 -> Vanderbijlpark Home Affairs | K11: ='Cleaned Data'!E11 -> Nomvula Khumalo | L11: ='Cleaned Data'!F11 -> 4800000000000 | M11: ='Cleaned Data'!G11 -> None | N11: ='Cleaned Data'!H11 -> Female | O11: ='Cleaned Data'!I11 -> 067 995 6360 | P11: ='Cleaned Data'!J11 -> Ward 3 (Informal Settlement) | Q11: =IF(ISNUMBER(FIND("Informal Settlement",P11,1)),"Informal Settlement","Formal Settlement") -> Informal Settlement | R11: ='Cleaned Data'!K11 -> None | S11: ='Cleaned Data'!L11 -> Complete | T11: ='Cleaned Data'!M11 -> Re-opened | U11: ='Cleaned Data'!N11 -> Q040 | V11: ='Cleaned Data'!O11 -> None | W11: ='Cleaned Data'!P11 -> None | X11: ='Cleaned Data'!Q11 -> System Offline - Captured Manually, Will Upload Later
A12: ='Cleaned Data'!A12 -> DHA-000449 | B12: ='Cleaned Data'!B12 -> 46000 | C12: =IF(B12="None","None",DAY(B12)) -> 9 | D12: =IF(B12="None","None",MONTH(B12)) -> 12 | E12: =IF(B12="None","None",YEAR(B12)) -> 2025 | F12: =IF(ISNUMBER(FIND("-",G12))=TRUE,LEFT(G12,FIND("-",G12)-2),IF(ISNUMBER(FIND(" ",G12))=TRUE,LEFT(G12,FIND(" ",G12)-1),IF(G12="None","None"))) -> Home Affairs | G12: ='Cleaned Data'!C12 -> Home Affairs - Death Certificate | H12: =IF(G12="None","None",RIGHT(G12,LEN(G12)-FIND("-",G12,1))) -> Death Certificate | I12: =IF(J12="None","None",TRIM(SUBSTITUTE(SUBSTITUTE(SUBSTITUTE(SUBSTITUTE(J12,"Clinic","",1),"Home Affairs","",1),"Sassa Office","",1),"Municipal Office","",1))) -> Meyerton | J12: ='Cleaned Data'!D12 -> Meyerton Municipal Office | K12: ='Cleaned Data'!E12 -> Zodwa Steyn | L12: ='Cleaned Data'!F12 -> 4800000000000 | M12: ='Cleaned Data'!G12 -> 17620 | N12: ='Cleaned Data'!H12 -> Male | O12: ='Cleaned Data'!I12 -> 067 990 1527 | P12: ='Cleaned Data'!J12 -> Ward 15 | Q12: =IF(ISNUMBER(FIND("Informal Settlement",P12,1)),"Informal Settlement","Formal Settlement") -> Formal Settlement | R12: ='Cleaned Data'!K12 -> None | S12: ='Cleaned Data'!L12 -> Awaiting Home Affairs Confirmation | T12: ='Cleaned Data'!M12 -> Re-opened | U12: ='Cleaned Data'!N12 -> Q075 | V12: ='Cleaned Data'!O12 -> Marius Swart | W12: ='Cleaned Data'!P12 -> 46013 | X12: ='Cleaned Data'!Q12 -> Biometric Capture Failed, Rescheduled
A13: ='Cleaned Data'!A13 -> MUN-000359 | B13: ='Cleaned Data'!B13 -> 46051 | C13: =IF(B13="None","None",DAY(B13)) -> 29 | D13: =IF(B13="None","None",MONTH(B13)) -> 1 | E13: =IF(B13="None","None",YEAR(B13)) -> 2026 | F13: =IF(ISNUMBER(FIND("-",G13))=TRUE,LEFT(G13,FIND("-",G13)-2),IF(ISNUMBER(FIND(" ",G13))=TRUE,LEFT(G13,FIND(" ",G13)-1),IF(G13="None","None"))) -> Municipal | G13: ='Cleaned Data'!C13 -> Municipal - Account Query | H13: =IF(G13="None","None",RIGHT(G13,LEN(G13)-FIND("-",G13,1))) -> Account Query | I13: =IF(J13="None","None",TRIM(SUBSTITUTE(SUBSTITUTE(SUBSTITUTE(SUBSTITUTE(J13,"Clinic","",1),"Home Affairs","",1),"Sassa Office","",1),"Municipal Office","",1))) -> Emfuleni | J13: ='Cleaned Data'!D13 -> Emfuleni Municipal Office | K13: ='Cleaned Data'!E13 -> Dorah Nkosi | L13: ='Cleaned Data'!F13 -> 6210000000000 | M13: ='Cleaned Data'!G13 -> 22834 | N13: ='Cleaned Data'!H13 -> Male | O13: ='Cleaned Data'!I13 -> 062 165 6883 | P13: ='Cleaned Data'!J13 -> Ward 23 | Q13: =IF(ISNUMBER(FIND("Informal Settlement",P13,1)),"Informal Settlement","Formal Settlement") -> Formal Settlement | R13: ='Cleaned Data'!K13 -> None | S13: ='Cleaned Data'!L13 -> Approved | T13: ='Cleaned Data'!M13 -> Awaiting Documents | U13: ='Cleaned Data'!N13 -> Q029 | V13: ='Cleaned Data'!O13 -> Marius Sithole | W13: ='Cleaned Data'!P13 -> None | X13: ='Cleaned Data'!Q13 -> Applicant Referred To Social Worker
... A1080: ='Cleaned Data'!A1080 -> DHA-000868 | B1080: ='Cleaned Data'!B1080 -> 46018 | C1080: =IF(B1080="None","None",DAY(B1080)) -> 27 | D1080: =IF(B1080="None","None",MONTH(B1080)) -> 12 | E1080: =IF(B1080="None","None",YEAR(B1080)) -> 2025 | F1080: =IF(ISNUMBER(FIND("-",G1080))=TRUE,LEFT(G1080,FIND("-",G1080)-2),IF(ISNUMBER(FIND(" ",G1080))=TRUE,LEFT(G1080,FIND(" ",G1080)-1),IF(G1080="None","None"))) -> Home Affairs | G1080: ='Cleaned Data'!C1080 -> Home Affairs - Birth Certificate | H1080: =IF(G1080="None","None",RIGHT(G1080,LEN(G1080)-FIND("-",G1080,1))) -> Birth Certificate | I1080: =IF(J1080="None","None",TRIM(SUBSTITUTE(SUBSTITUTE(SUBSTITUTE(SUBSTITUTE(J1080,"Clinic","",1),"Home Affairs","",1),"Sassa Office","",1),"Municipal Office","",1))) -> Vereeniging | J1080: ='Cleaned Data'!D1080 -> Vereeniging Home Affairs | K1080: ='Cleaned Data'!E1080 -> None | L1080: ='Cleaned Data'!F1080 -> 9210000000000 | M1080: ='Cleaned Data'!G1080 -> 33770 | N1080: ='Cleaned Data'!H1080 -> Male | O1080: ='Cleaned Data'!I1080 -> None | P1080: ='Cleaned Data'!J1080 -> Ward 3 | Q1080: =IF(ISNUMBER(FIND("Informal Settlement",P1080,1)),"Informal Settlement","Formal Settlement") -> Formal Settlement | R1080: ='Cleaned Data'!K1080 -> None | S1080: ='Cleaned Data'!L1080 -> Approved | T1080: ='Cleaned Data'!M1080 -> None | U1080: ='Cleaned Data'!N1080 -> Q045 | V1080: ='Cleaned Data'!O1080 -> Busisiwe Swart | W1080: ='Cleaned Data'!P1080 -> None | X1080: ='Cleaned Data'!Q1080 -> Client To Return With Proof Of Residence

Sheet Analytics
G1: Count of Case Reference | H1: Column Labels | V1: Column Labels
A2: Row Labels | B2: Count of Case Reference | D2: Row Labels | E2: Count of Follow-Up Date | G2: Row Labels | H2: Account Query | I2: Birth Certificate | J2: Chronic Medication Collection | K2: Death Certificate | L2: General Consultation | M2: Grant Application | N2: Grant Status Enquiry | O2: ID Application | P2: Immunisation | Q2: Passport Application | R2: Service Request | S2: Grand Total | U2: Row Labels | V2: ID not provided | W2: Grand Total
A3: Clinic | B3: 203 | D3: Clinic | E3: 203 | G3: Clinic | J3: 67 | L3: 93 | P3: 43 | S3: 203 | U3: Clinic
A4: Home Affairs | B4: 350 | D4: Home Affairs | E4: 350 | G4: Home Affairs | I4: 101 | K4: 40 | O4: 143 | Q4: 66 | S4: 350 | U4: Home Affairs
A5: Municipal | B5: 204 | D5: Municipal | E5: 204 | G5: Municipal | H5: 109 | R5: 95 | S5: 204 | U5: Municipal
A6: SASSA | B6: 318 | D6: SASSA | E6: 318 | G6: SASSA | M6: 208 | N6: 110 | S6: 318 | U6: SASSA
A7: Grand Total | B7: 1075 | D7: Grand Total | E7: 1075 | G7: Grand Total | H7: 109 | I7: 101 | J7: 67 | K7: 40 | L7: 93 | M7: 208 | N7: 110 | O7: 143 | P7: 43 | Q7: 66 | R7: 95 | S7: 1075 | U7: Grand Total
A10: Count of Queue/Ticket Number | B10: Column Labels | L10: Count of Branch/Office | M10: Column Labels
A11: Row Labels | B11: Awaiting Documents | C11: Captured | D11: Closed | E11: Escalated | F11: Pending | G11: Re-opened | H11: Resolved | I11: Grand Total | L11: Row Labels | M11: Clinic | N11: Home Affairs | O11: Municipal | P11: SASSA | Q11: Grand Total
A12: Clinic | B12: 18 | C12: 47 | D12: 22 | E12: 23 | F12: 20 | G12: 25 | H12: 27 | I12: 182 | L12: Boipatong | M12: 9 | N12: 23 | O12: 17 | P12: 21 | Q12: 70
A13: Home Affairs | B13: 31 | C13: 104 | D13: 32 | E13: 41 | F13: 32 | G13: 36 | H13: 30 | I13: 306 | L13: Emfuleni | M13: 37 | N13: 53 | O13: 30 | P13: 47 | Q13: 167
A14: Municipal | B14: 22 | C14: 55 | D14: 20 | E14: 15 | F14: 21 | G14: 22 | H14: 20 | I14: 175 | L14: Evaton | M14: 21 | N14: 41 | O14: 17 | P14: 32 | Q14: 111
A15: SASSA | B15: 31 | C15: 107 | D15: 40 | E15: 25 | F15: 25 | G15: 34 | H15: 26 | I15: 288 | L15: Meyerton | M15: 21 | N15: 28 | O15: 22 | P15: 24 | Q15: 95
A16: Grand Total | B16: 102 | C16: 313 | D16: 114 | E16: 104 | F16: 98 | G16: 117 | H16: 103 | I16: 951 | L16: Sasolburg | M16: 12 | N16: 32 | O16: 20 | P16: 22 | Q16: 86
L17: Sebokeng | M17: 21 | N17: 44 | O17: 20 | P17: 35 | Q17: 120
A18: Count of Grant Type | B18: Column Labels | L18: Sharpeville | M18: 18 | N18: 29 | O18: 16 | P18: 28 | Q18: 91
A19: Row Labels | B19: Care Dependency Grant | C19: Child Support Grant | D19: Disability Grant | E19: Foster Child Grant | F19: Older Persons Grant | G19: Older Person's Grant | H19: Social Relief of Distress (SRD) | I19: SRD Grant | J19: Grand Total | L19: Three Rivers | M19: 10 | N19: 17 | O19: 8 | P19: 16 | Q19: 51
A20: Clinic | B20: 1 | C20: 1 | E20: 1 | F20: 1 | H20: 1 | I20: 1 | J20: 6 | L20: Vanderbijlpark | M20: 25 | N20: 35 | O20: 26 | P20: 45 | Q20: 131
A21: Home Affairs | B21: 1 | C21: 1 | D21: 4 | E21: 3 | F21: 4 | H21: 2 | I21: 4 | J21: 19 | L21: Vereeniging | M21: 29 | N21: 48 | O21: 28 | P21: 48 | Q21: 153
A22: Municipal | E22: 1 | G22: 1 | H22: 1 | J22: 3 | L22: Grand Total | M22: 203 | N22: 350 | O22: 204 | P22: 318 | Q22: 1075
A23: SASSA | B23: 37 | C23: 33 | D23: 30 | E23: 42 | F23: 36 | G23: 35 | H23: 37 | I23: 28 | J23: 278
A24: Grand Total | B24: 39 | C24: 35 | D24: 34 | E24: 47 | F24: 41 | G24: 36 | H24: 41 | I24: 33 | J24: 306
A26: Row Labels | B26: Count of Date Captured | D26: Count of ID Number | E26: Column Labels | L26: Row Labels | M26: Clinic | N26: Home Affairs | O26: Municipal | P26: None | Q26: SASSA | R26: Grand Total | T26: Row Labels | U26: ID provided | V26: ID not provided | W26: None | X26: Grand Total
A27: Andries Coetzee | B27: 9 | D27: Row Labels | E27: Clinic | F27: Home Affairs | G27: Municipal | H27: SASSA | I27: Grand Total | L27: ID not provided | M27: 3 | N27: 17 | O27: 6 | Q27: 11 | R27: 37 | T27: ID status | U27: {=SUMPRODUCT(--ISNUMBER('Enriched Data'!L:L))} -> 948 | V27: =COUNTIF('Enriched Data'!L:L, "ID not provided") -> 37 | W27: =COUNTIF('Enriched Data'!L:L, "None") -> 94 | X27: =SUM(U27:W27) -> 1079
A28: Andries Khumalo | B28: 6 | D28: None | E28: 20 | F28: 28 | G28: 23 | H28: 19 | I28: 90 | L28: None | M28: 20 | N28: 28 | O28: 23 | P28: 4 | Q28: 19 | R28: 94 | T28: Grand Total
A29: Andries Mahlangu | B29: 18 | D29: ID not provided | E29: 3 | F29: 17 | G29: 6 | H29: 11 | I29: 37 | L29: ID provided | M29: =V27 -> 37 | N29: =COUNTIF('Enriched Data'!F:F, "Home Affairs") -> 350 | O29: =COUNTIF('Enriched Data'!F:F, "Municipal") -> 204 | P29: =COUNTIF('Enriched Data'!F:F, "None") -> 4 | Q29: =COUNTIF('Enriched Data'!F:F, "SASSA") -> 318 | R29: =SUM(M29:Q29) -> 913
A30: Andries Meyer | B30: 8 | D30: Grand Total | E30: 23 | F30: 45 | G30: 29 | H30: 30 | I30: 127 | L30: Grand Total | M30: =SUM(M27:M29) -> 60 | N30: =SUM(N27:N29) -> 395 | O30: =SUM(O27:O29) -> 233 | P30: =SUM(P27:P29) -> 8 | Q30: =SUM(Q27:Q29) -> 348 | R30: =SUM(M30:Q30) -> 1044
A31: Andries Nel | B31: 11
A32: Andries Radebe | B32: 12 | D32: Row Labels | E32: Count of Ward Type
A33: Andries Sithole | B33: 18 | D33: Formal Settlement | E33: 1029
A34: Andries Swart | B34: 11 | D34: Informal Settlement | E34: 46
A35: Busisiwe Coetzee | B35: 8 | D35: Grand Total | E35: 1075
A36: Busisiwe Khumalo | B36: 13
A37: Busisiwe Mahlangu | B37: 16 | D37: Count of Date Captured | E37: Column Labels
A38: Busisiwe Meyer | B38: 6 | D38: Row Labels | E38: Andries Coetzee | F38: Andries Khumalo | G38: Andries Mahlangu | H38: Andries Meyer | I38: Andries Nel | J38: Andries Radebe | K38: Andries Sithole | L38: Andries Swart | M38: Busisiwe Coetzee | N38: Busisiwe Khumalo | O38: Busisiwe Mahlangu | P38: Busisiwe Meyer | Q38: Busisiwe Nel | R38: Busisiwe Radebe | S38: Busisiwe Sithole | T38: Busisiwe Swart | U38: Chris Coetzee | V38: Chris Khumalo | W38: Chris Mahlangu | X38: Chris Meyer | Y38: Chris Nel | Z38: Chris Radebe | AA38: Chris Sithole | AB38: Chris Swart | AC38: Deon Coetzee | AD38: Deon Khumalo | AE38: Deon Mahlangu | AF38: Deon Meyer | AG38: Deon Nel | AH38: Deon Radebe | AI38: Deon Sithole | AJ38: Deon Swart | AK38: Lerato Coetzee | AL38: Lerato Khumalo | AM38: Lerato Mahlangu | AN38: Lerato Meyer | AO38: Lerato Nel | AP38: Lerato Radebe | AQ38: Lerato Sithole | AR38: Lerato Swart | AS38: Marius Coetzee | AT38: Marius Khumalo | AU38: Marius Mahlangu | AV38: Marius Meyer | AW38: Marius Nel | AX38: Marius Radebe | AY38: Marius Sithole | AZ38: Marius Swart | BA38: None | BB38: Palesa Coetzee | BC38: Palesa Khumalo | BD38: Palesa Mahlangu | BE38: Palesa Meyer | BF38: Palesa Nel | BG38: Palesa Radebe | BH38: Palesa Sithole | BI38: Palesa Swart | BJ38: Refilwe Coetzee | BK38: Refilwe Khumalo | BL38: Refilwe Mahlangu | BM38: Refilwe Meyer | BN38: Refilwe Nel | BO38: Refilwe Radebe | BP38: Refilwe Sithole | BQ38: Refilwe Swart | BR38: Werner Coetzee | BS38: Werner Khumalo | BT38: Werner Mahlangu | BU38: Werner Meyer | BV38: Werner Nel | BW38: Werner Radebe | BX38: Werner Sithole | BY38: Werner Swart | BZ38: Zanele Coetzee | CA38: Zanele Khumalo | CB38: Zanele Mahlangu | CC38: Zanele Meyer | CD38: Zanele Nel | CE38: Zanele Radebe | CF38: Zanele Sithole | CG38: Zanele Swart | CH38: Grand Total
A39: Busisiwe Nel | B39: 11 | D39: January | J39: 2 | M39: 1 | N39: 4 | O39: 4 | R39: 1 | S39: 1 | U39: 1 | V39: 3 | X39: 1 | Y39: 1 | Z39: 1 | AA39: 3 | AB39: 2 | AC39: 2 | AD39: 1 | AE39: 2 | AF39: 1 | AH39: 3 | AI39: 1 | AJ39: 2 | AK39: 1 | AM39: 1 | AN39: 1 | AO39: 1 | AP39: 1 | AR39: 1 | AT39: 2 | AU39: 3 | AW39: 1 | AX39: 3 | AY39: 3 | BA39: 6 | BC39: 1 | BD39: 1 | BF39: 4 | BG39: 2 | BI39: 2 | BK39: 1 | BP39: 4 | BQ39: 1 | BR39: 1 | BS39: 3 | BT39: 1 | BU39: 3 | BX39: 1 | BY39: 2 | BZ39: 2 | CA39: 2 | CB39: 3 | CD39: 2 | CE39: 1 | CH39: 98
A40: Busisiwe Radebe | B40: 10 | D40: February | E40: 1 | H40: 2 | I40: 1 | J40: 3 | K40: 4 | L40: 1 | N40: 1 | O40: 1 | P40: 1 | Q40: 1 | R40: 2 | S40: 2 | T40: 1 | U40: 2 | W40: 2 | X40: 2 | Y40: 1 | Z40: 2 | AA40: 1 | AB40: 1 | AC40: 1 | AD40: 4 | AE40: 1 | AF40: 3 | AG40: 1 | AI40: 1 | AK40: 1 | AM40: 1 | AN40: 1 | AP40: 2 | AQ40: 1 | AR40: 1 | AS40: 1 | AT40: 1 | AU40: 2 | AV40: 1 | AW40: 1 | AX40: 2 | AY40: 1 | AZ40: 2 | BA40: 6 | BD40: 1 | BG40: 1 | BH40: 2 | BI40: 1 | BJ40: 1 | BK40: 1 | BM40: 1 | BN40: 1 | BP40: 1 | BQ40: 2 | BR40: 2 | BS40: 1 | BT40: 1 | BU40: 3 | BV40: 2 | BW40: 2 | CA40: 1 | CB40: 1 | CD40: 1 | CE40: 3 | CF40: 1 | CG40: 3 | CH40: 100
A41: Busisiwe Sithole | B41: 15 | D41: March | E41: 2 | F41: 1 | G41: 3 | H41: 1 | J41: 1 | K41: 2 | L41: 1 | P41: 1 | Q41: 1 | S41: 2 | U41: 2 | V41: 2 | X41: 2 | Y41: 1 | Z41: 2 | AB41: 3 | AD41: 1 | AE41: 1 | AF41: 1 | AG41: 1 | AH41: 1 | AI41: 1 | AJ41: 1 | AL41: 2 | AN41: 4 | AO41: 3 | AP41: 1 | AQ41: 2 | AR41: 3 | AT41: 1 | AU41: 2 | AV41: 2 | AW41: 1 | AX41: 1 | AY41: 2 | AZ41: 1 | BA41: 11 | BB41: 1 | BF41: 1 | BG41: 2 | BI41: 2 | BL41: 1 | BM41: 1 | BO41: 2 | BR41: 2 | BS41: 2 | BT41: 1 | BU41: 2 | BV41: 1 | BW41: 1 | BX41: 1 | BY41: 1 | BZ41: 1 | CA41: 1 | CB41: 4 | CD41: 1 | CE41: 1 | CF41: 2 | CG41: 1 | CH41: 102
A42: Busisiwe Swart | B42: 8 | D42: April | E42: 1 | F42: 4 | G42: 1 | H42: 1 | K42: 1 | L42: 2 | O42: 2 | Q42: 1 | R42: 3 | S42: 2 | T42: 1 | U42: 2 | X42: 2 | Y42: 1 | Z42: 1 | AA42: 3 | AB42: 1 | AC42: 1 | AD42: 2 | AE42: 1 | AF42: 2 | AG42: 1 | AH42: 3 | AI42: 3 | AJ42: 2 | AK42: 2 | AL42: 2 | AM42: 2 | AN42: 1 | AO42: 3 | AP42: 1 | AQ42: 1 | AR42: 2 | AS42: 4 | AT42: 1 | AU42: 1 | AV42: 5 | AX42: 3 | AZ42: 2 | BA42: 5 | BB42: 1 | BC42: 2 | BD42: 2 | BE42: 2 | BG42: 1 | BH42: 1 | BI42: 3 | BJ42: 1 | BK42: 4 | BN42: 2 | BO42: 2 | BP42: 4 | BQ42: 4 | BR42: 2 | BT42: 2 | BU42: 1 | BV42: 2 | BW42: 1 | BX42: 1 | BY42: 2 | BZ42: 2 | CD42: 3 | CE42: 2 | CF42: 1 | CG42: 2 | CH42: 129
A43: Chris Coetzee | B43: 12 | D43: May | E43: 2 | G43: 1 | I43: 2 | J43: 1 | L43: 1 | M43: 2 | P43: 1 | Q43: 2 | R43: 3 | U43: 3 | V43: 3 | X43: 3 | Y43: 2 | AB43: 1 | AE43: 5 | AF43: 3 | AG43: 1 | AH43: 2 | AI43: 1 | AK43: 1 | AM43: 1 | AO43: 2 | AP43: 1 | AQ43: 1 | AR43: 2 | AS43: 1 | AT43: 2 | AU43: 1 | AW43: 3 | AY43: 2 | AZ43: 3 | BA43: 8 | BB43: 1 | BC43: 2 | BD43: 3 | BE43: 2 | BF43: 1 | BG43: 1 | BH43: 1 | BJ43: 1 | BL43: 1 | BM43: 1 | BN43: 2 | BO43: 5 | BQ43: 2 | BR43: 1 | BT43: 3 | BU43: 1 | BW43: 1 | BX43: 2 | BY43: 2 | BZ43: 4 | CA43: 2 | CB43: 3 | CC43: 3 | CE43: 2 | CF43: 2 | CG43: 1 | CH43: 117
A44: Chris Khumalo | B44: 12 | D44: June | G44: 5 | I44: 2 | J44: 1 | M44: 1 | N44: 1 | Q44: 2 | S44: 2 | V44: 1 | W44: 2 | X44: 1 | Y44: 2 | Z44: 1 | AA44: 2 | AB44: 3 | AC44: 1 | AE44: 2 | AF44: 3 | AH44: 3 | AI44: 1 | AJ44: 1 | AK44: 1 | AL44: 1 | AM44: 4 | AO44: 1 | AQ44: 1 | AS44: 1 | AT44: 1 | AW44: 4 | AX44: 1 | AY44: 1 | AZ44: 1 | BA44: 3 | BC44: 2 | BD44: 1 | BE44: 3 | BF44: 2 | BH44: 2 | BJ44: 1 | BM44: 1 | BN44: 1 | BO44: 1 | BP44: 2 | BQ44: 1 | BR44: 2 | BS44: 2 | BT44: 1 | BV44: 2 | BY44: 1 | BZ44: 1 | CA44: 2 | CB44: 2 | CE44: 3 | CG44: 1 | CH44: 91
A45: Chris Mahlangu | B45: 10 | D45: July | G45: 1 | H45: 2 | I45: 3 | J45: 1 | K45: 5 | M45: 1 | N45: 2 | S45: 2 | X45: 1 | Y45: 1 | Z45: 1 | AA45: 2 | AB45: 2 | AF45: 1 | AG45: 1 | AI45: 3 | AK45: 1 | AL45: 3 | AN45: 2 | AO45: 1 | AS45: 1 | AU45: 1 | AV45: 2 | AY45: 1 | AZ45: 1 | BA45: 3 | BB45: 3 | BC45: 1 | BD45: 1 | BE45: 2 | BF45: 2 | BH45: 1 | BL45: 2 | BM45: 2 | BN45: 2 | BO45: 1 | BQ45: 1 | BS45: 3 | BT45: 3 | BU45: 2 | BW45: 2 | BX45: 1 | BY45: 1 | CA45: 4 | CB45: 1 | CE45: 1 | CF45: 2 | CG45: 1 | CH45: 84
A46: Chris Meyer | B46: 16 | D46: August | E46: 1 | G46: 2 | I46: 1 | J46: 1 | K46: 2 | L46: 2 | N46: 2 | O46: 3 | R46: 1 | S46: 1 | T46: 2 | U46: 2 | V46: 1 | Z46: 3 | AB46: 2 | AC46: 1 | AD46: 1 | AE46: 1 | AF46: 1 | AH46: 1 | AI46: 2 | AJ46: 1 | AL46: 1 | AN46: 2 | AO46: 1 | AQ46: 4 | AS46: 3 | AV46: 2 | AW46: 1 | AX46: 1 | AY46: 1 | AZ46: 1 | BA46: 6 | BB46: 2 | BD46: 2 | BE46: 1 | BH46: 1 | BJ46: 1 | BM46: 2 | BN46: 2 | BO46: 1 | BP46: 1 | BQ46: 4 | BS46: 2 | BT46: 2 | BV46: 2 | BW46: 1 | BX46: 2 | BZ46: 1 | CE46: 2 | CG46: 1 | CH46: 87
A47: Chris Nel | B47: 10 | D47: September | I47: 1 | K47: 1 | N47: 1 | O47: 1 | Q47: 2 | T47: 1 | V47: 1 | W47: 1 | AA47: 1 | AD47: 1 | AE47: 1 | AG47: 1 | AI47: 1 | AJ47: 5 | AK47: 1 | AM47: 2 | AO47: 1 | AQ47: 1 | AR47: 1 | AU47: 1 | AX47: 2 | BA47: 3 | BB47: 1 | BC47: 1 | BE47: 2 | BF47: 3 | BH47: 1 | BI47: 1 | BJ47: 1 | BK47: 2 | BL47: 1 | BM47: 1 | BN47: 1 | BP47: 1 | BQ47: 2 | BS47: 3 | BT47: 2 | BU47: 1 | BW47: 2 | BY47: 2 | BZ47: 2 | CD47: 1 | CE47: 1 | CH47: 63
A48: Chris Radebe | B48: 13 | D48: October | G48: 1 | M48: 1 | N48: 1 | AC48: 1 | AE48: 1 | AW48: 1 | BA48: 2 | BC48: 1 | BD48: 1 | BE48: 1 | BF48: 1 | BL48: 1 | BQ48: 1 | BV48: 2 | CD48: 1 | CF48: 1 | CH48: 18
A49: Chris Sithole | B49: 13 | D49: November | I49: 1 | K49: 2 | M49: 1 | O49: 1 | P49: 1 | Q49: 1 | S49: 1 | W49: 1 | X49: 2 | Z49: 1 | AB49: 1 | AE49: 2 | AF49: 3 | AL49: 2 | AP49: 2 | AT49: 3 | AW49: 1 | AY49: 1 | AZ49: 1 | BA49: 3 | BB49: 1 | BF49: 1 | BG49: 1 | BJ49: 1 | BL49: 1 | BM49: 1 | BN49: 2 | BO49: 1 | BP49: 1 | BQ49: 1 | BS49: 1 | BU49: 1 | BZ49: 1 | CD49: 1 | CG49: 2 | CH49: 48
A50: Chris Swart | B50: 18 | D50: December | E50: 1 | G50: 4 | H50: 2 | J50: 1 | K50: 1 | L50: 3 | N50: 1 | O50: 4 | P50: 2 | Q50: 1 | S50: 2 | T50: 3 | W50: 2 | X50: 2 | Y50: 1 | AA50: 1 | AB50: 1 | AC50: 1 | AD50: 2 | AE50: 2 | AG50: 2 | AH50: 3 | AK50: 2 | AM50: 2 | AN50: 2 | AP50: 1 | AR50: 2 | AS50: 1 | AT50: 3 | AU50: 1 | AW50: 1 | AY50: 3 | AZ50: 4 | BA50: 4 | BB50: 1 | BC50: 1 | BD50: 1 | BE50: 1 | BH50: 3 | BJ50: 1 | BK50: 2 | BN50: 2 | BO50: 1 | BP50: 3 | BQ50: 2 | BR50: 1 | BU50: 2 | BW50: 5 | BX50: 1 | BY50: 1 | BZ50: 1 | CA50: 2 | CB50: 4 | CC50: 1 | CD50: 2 | CE50: 2 | CF50: 1 | CG50: 1 | CH50: 110
A51: Deon Coetzee | B51: 8 | D51: Grand Total | E51: 8 | F51: 5 | G51: 18 | H51: 8 | I51: 11 | J51: 11 | K51: 18 | L51: 10 | M51: 7 | N51: 13 | O51: 16 | P51: 6 | Q51: 11 | R51: 10 | S51: 15 | T51: 8 | U51: 12 | V51: 11 | W51: 8 | X51: 16 | Y51: 10 | Z51: 12 | AA51: 13 | AB51: 17 | AC51: 8 | AD51: 12 | AE51: 19 | AF51: 18 | AG51: 8 | AH51: 16 | AI51: 14 | AJ51: 12 | AK51: 10 | AL51: 11 | AM51: 13 | AN51: 13 | AO51: 13 | AP51: 9 | AQ51: 11 | AR51: 12 | AS51: 12 | AT51: 14 | AU51: 12 | AV51: 12 | AW51: 14 | AX51: 13 | AY51: 15 | AZ51: 16 | BA51: 60 | BB51: 11 | BC51: 11 | BD51: 13 | BE51: 14 | BF51: 15 | BG51: 8 | BH51: 12 | BI51: 9 | BJ51: 8 | BK51: 10 | BL51: 7 | BM51: 10 | BN51: 15 | BO51: 14 | BP51: 17 | BQ51: 21 | BR51: 11 | BS51: 17 | BT51: 16 | BU51: 16 | BV51: 11 | BW51: 15 | BX51: 9 | BY51: 12 | BZ51: 15 | CA51: 14 | CB51: 18 | CC51: 4 | CD51: 12 | CE51: 18 | CF51: 10 | CG51: 13 | CH51: 1047
A52: Deon Khumalo | B52: 13
A53: Deon Mahlangu | B53: 19 | D53: Count of Follow-Up Date | E53: Column Labels
A54: Deon Meyer | B54: 18 | D54: Row Labels | E54: Clinic | F54: Home Affairs | G54: Municipal | H54: SASSA | I54: Grand Total
A55: Deon Nel | B55: 8 | D55: 1/1/2026 | E55: 1 | F55: 2 | H55: 1 | I55: 4
A56: Deon Radebe | B56: 17 | D56: 1/10/2026 | E56: 1 | I56: 1
A57: Deon Sithole | B57: 15 | D57: 1/16/2026 | F57: 1 | H57: 1 | I57: 2
A58: Deon Swart | B58: 12 | D58: 1/17/2026 | E58: 1 | F58: 1 | I58: 2
A59: Lerato Coetzee | B59: 10 | D59: 1/18/2026 | F59: 1 | I59: 1
A60: Lerato Khumalo | B60: 11 | D60: 1/2/2026 | F60: 1 | H60: 1 | I60: 2
A61: Lerato Mahlangu | B61: 13 | D61: 1/22/2026 | E61: 1 | F61: 1 | I61: 2
A62: Lerato Meyer | B62: 13 | D62: 1/23/2026 | H62: 1 | I62: 1
A63: Lerato Nel | B63: 13 | D63: 1/25/2026 | E63: 1 | I63: 1
A64: Lerato Radebe | B64: 9 | D64: 1/27/2026 | F64: 1 | H64: 1 | I64: 2
A65: Lerato Sithole | B65: 11 | D65: 1/28/2026 | H65: 1 | I65: 1
A66: Lerato Swart | B66: 12 | D66: 1/3/2026 | F66: 1 | I66: 1
A67: Marius Coetzee | B67: 12 | D67: 1/30/2026 | G67: 1 | H67: 1 | I67: 2
A68: Marius Khumalo | B68: 14 | D68: 1/31/2026 | E68: 1 | I68: 1
A69: Marius Mahlangu | B69: 12 | D69: 1/5/2026 | G69: 1 | I69: 1
A70: Marius Meyer | B70: 12 | D70: 1/6/2026 | F70: 1 | I70: 1
A71: Marius Nel | B71: 15 | D71: 1/7/2026 | G71: 1 | H71: 1 | I71: 2
A72: Marius Radebe | B72: 13 | D72: 1/9/2026 | H72: 2 | I72: 2
A73: Marius Sithole | B73: 15 | D73: 10/1/2026 | F73: 1 | I73: 1
A74: Marius Swart | B74: 16 | D74: 10/10/2026 | F74: 1 | I74: 1
A75: None | B75: 61 | D75: 10/11/2026 | F75: 1 | I75: 1
A76: Palesa Coetzee | B76: 12 | D76: 10/12/2026 | F76: 1 | H76: 2 | I76: 3
A77: Palesa Khumalo | B77: 11 | D77: 10/13/2026 | G77: 1 | I77: 1
A78: Palesa Mahlangu | B78: 13 | D78: 10/15/2026 | E78: 1 | I78: 1
A79: Palesa Meyer | B79: 15 | D79: 10/17/2026 | F79: 1 | I79: 1
A80: Palesa Nel | B80: 17 | D80: 10/2/2026 | H80: 1 | I80: 1
A81: Palesa Radebe | B81: 9 | D81: 10/5/2026 | F81: 1 | G81: 1 | I81: 2
A82: Palesa Sithole | B82: 12 | D82: 10/6/2026 | E82: 1 | H82: 1 | I82: 2
A83: Palesa Swart | B83: 10 | D83: 10/7/2026 | E83: 1 | F83: 1 | H83: 1 | I83: 3
A84: Refilwe Coetzee | B84: 8 | D84: 10/8/2026 | E84: 1 | I84: 1
A85: Refilwe Khumalo | B85: 10 | D85: 10/9/2026 | H85: 1 | I85: 1
A86: Refilwe Mahlangu | B86: 7 | D86: 11/10/2026 | H86: 1 | I86: 1
A87: Refilwe Meyer | B87: 10 | D87: 11/2/2026 | F87: 1 | I87: 1
A88: Refilwe Nel | B88: 15 | D88: 11/4/2026 | F88: 1 | I88: 1
A89: Refilwe Radebe | B89: 14 | D89: 11/7/2026 | E89: 1 | I89: 1
A90: Refilwe Sithole | B90: 17 | D90: 11/8/2026 | E90: 1 | I90: 1
A91: Refilwe Swart | B91: 22 | D91: 12/1/2026 | H91: 1 | I91: 1
A92: Werner Coetzee | B92: 11 | D92: 12/10/2025 | F92: 1 | I92: 1
A93: Werner Khumalo | B93: 17 | D93: 12/13/2025 | F93: 1 | I93: 1
A94: Werner Mahlangu | B94: 18 | D94: 12/15/2025 | E94: 1 | F94: 1 | I94: 2
A95: Werner Meyer | B95: 17 | D95: 12/16/2025 | H95: 1 | I95: 1
A96: Werner Nel | B96: 11 | D96: 12/17/2025 | G96: 1 | I96: 1
A97: Werner Radebe | B97: 15 | D97: 12/19/2025 | E97: 1 | H97: 1 | I97: 2
A98: Werner Sithole | B98: 9 | D98: 12/20/2025 | H98: 1 | I98: 1
A99: Werner Swart | B99: 12 | D99: 12/22/2025 | F99: 1 | I99: 1
A100: Zanele Coetzee | B100: 16 | D100: 12/26/2025 | G100: 1 | I100: 1
A101: Zanele Khumalo | B101: 15 | D101: 12/27/2025 | E101: 1 | G101: 1 | H101: 1 | I101: 3
A102: Zanele Mahlangu | B102: 19 | D102: 12/28/2025 | G102: 1 | H102: 1 | I102: 2
A103: Zanele Meyer | B103: 4 | D103: 12/29/2025 | G103: 1 | I103: 1
...

Sheet Dashboard
A1: =UPPER("Citizen services Dashboard") -> CITIZEN SERVICES DASHBOARD
AE3: '
